墨尔本大学,au,
澳洲国立大学,au,
悉尼大学,au,
昆士兰大学,au,
新南威尔士大学,au,
莫纳什大学,au,
阿德雷德大学,au,
西澳大学,au,
昆士兰科技大学,au,
堪培拉大学,au,
悉尼科技大学,au,
格里菲斯大学,au,
詹姆斯库克大学,au,
麦考瑞大学,au,
卧龙岗大学,au,
科廷大学,au,
佛林德斯大学,au,
拉筹伯大学,au,
南澳大学,au,
西悉尼大学,au,
迪肯大学,au,
纽卡斯尔大学（澳洲）,au,
塔斯马尼亚大学,au,
维多利亚大学（澳洲）,au,
澳洲天主大学,au,
皇家墨尔本理工大学,au,
斯威本科技大学,au,
邦德大学,au,
埃迪斯科文大学,au,
默多克大学,au,
查尔斯达尔文大学,au,
中央昆士兰大学,au,
南十字星大学,au,
南昆士兰大学,au,
阳光海岸大学,au,
多伦多大学,ca,
英属哥伦比亚大学,ca,
麦吉尔大学,ca,
麦克马斯特大学,ca,
蒙特利尔大学,ca,
阿尔伯塔大学,ca,
渥太华大学,ca,
卡尔加里大学,ca,
滑铁卢大学,ca,
西安大略大学,ca,
戴尔豪斯大学,ca,
拉瓦尔大学,ca,
皇后大学,ca,
西门菲莎大学,ca,
曼尼托巴大学,ca,
萨斯喀彻温大学,ca,
维多利亚大学（加拿大）,ca,
约克大学（加拿大）,ca,
卡尔顿大学,ca,
贵湖大学,ca,
纽芬兰纪念大学,ca,
康考迪亚大学,ca,
湖首大学,ca,
魁北克大学,ca,
里贾纳大学,ca,
瑞尔森大学,ca,
舍布鲁克大学,ca,
温莎大学,ca,
北英属哥伦比亚大学,ca,
莱斯布里奇大学,ca,
清华大学,cn,
北京大学,cn,
中国科学技术大学,cn,
浙江大学,cn,
复旦大学,cn,
南京大学,cn,
上海交通大学,cn,
中山大学,cn,
北京师范大学,cn,
华中科技大学,cn,
南方科技大学,cn,
南开大学,cn,
武汉大学,cn,
中南大学,cn,
哈尔滨工业大学,cn,
湖南大学,cn,
同济大学,cn,
北京航空航天大学,cn,
华东师范大学,cn,
中国人民大学,cn,
深圳大学,cn,
苏州大学,cn,
华南理工大学,cn,
东南大学,cn,
天津大学,cn,
厦门大学,cn,
西安交通大学,cn,
北京理工大学,cn,
中国农业大学,cn,
中国石油大学（北京）,cn,
大连理工大学,cn,
华东理工大学,cn,
电子科技大学,cn,
华中农业大学,cn,
对外经济贸易大学,cn,
江苏师范大学,cn,
南京信息工程大学,cn,
南京医科大学,cn,
南京师范大学,cn,
西北工业大学,cn,
山东大学,cn,
四川大学,cn,
北京交通大学,cn,
首都医科大学,cn,
中国地质大学（北京）,cn,
中国地质大学（武汉）,cn,
中国矿业大学,cn,
中国药科大学,cn,
重庆大学,cn,
福州大学,cn,
广东工业大学,cn,
江苏大学,cn,
吉林大学,cn,
暨南大学,cn,
南京农业大学,cn,
南京工业大学,cn,
东北大学,cn,
东北师范大学,cn,
西北大学（中国）,cn,
西北农林科技大学,cn,
北京科技大学,cn,
上海大学,cn,
上海财经大学,cn,
上海海事大学,cn,
汕头大学,cn,
西南财经大学,cn,
武汉理工大学,cn,
湘潭大学,cn,
西安电子科技大学,cn,
扬州大学,cn,
广西大学,cn,
华侨大学,cn,
南京航空航天大学,cn,
华北电力大学,cn,
中国海洋大学,cn,
南华大学,cn,
南方医科大学,cn,
西南交通大学,cn,
温州医科大学,cn,
燕山大学,cn,
浙江工业大学,cn,
印度科学学院,in,
印度理工学院罗巴尔分校,in,
印度理工学院印多尔分校,in,
印度理工学院孟买分校,in,
印度理工学院德里分校,in,
印度理工学院克勒格布尔分校,in,
印度化学技术研究所,in,
印度甘地那加理工学院,in,
印度理工学院鲁尔基分校,in,
甘露大学,in,
贝拿勒斯印度教大学,in,
德里大学,in,
印度科学教育研究所浦那分校,in,
印度理工学院布巴内斯瓦尔分校,in,
印度理工学院古瓦哈提分校,in,
印度理工学院海德拉巴分校,in,
印度理工学院坎普尔分校,in,
印度理工学院马德拉斯分校,in,
国立伊斯兰大学,in,
尼赫鲁大学,in,
旁遮普大学（印度）,in,
浦那大学,in,
塔帕尔大学,in,
阿查里雅龙树大学,in,
阿里格尔穆斯林大学,in,
印度科学教育与研究所加尔各答分校,in,
印度理工学院丹巴德分校,in,
印度理工学院巴特那分校,in,
贾达普大学,in,
国立理工学院洛尔克拉分校,in,
国立理工学院特里奇分校,in,
奥斯曼尼亚大学,in,
本地治里大学,in,
西里温凯特瓦拉大学,in,
提斯浦尔大学,in,
韦洛尔理工大学,in,
爱德大学,in,
安得拉大学,in,
安娜大学,in,
安那马来大学,in,
巴纳斯达里大学,in,
比尔拉科学技术学院,in,
科钦科技大学,in,
德里理工大学,in,
吉田大学,in,
吉特大学,in,
马哈拉哈大学,in,
马尼帕尔高等教育学院,in,
孟买大学,in,
迈索尔大学,in,
PSG理工学院,in,
萨斯特拉大学,in,
萨提亚巴马科技学院,in,
印度奥里萨邦大学,in,
斯里纳玛斯旺纪念大学,in,
泰米尔纳德邦农业大学,in,
东京大学,jp,
京都大学,jp,
东北大学（日本）,jp,
东京工业大学,jp,
名古屋大学,jp,
大阪大学,jp,
日本职业与环境卫生大学,jp,
藤田保健卫生大学,jp,
北海道大学,jp,
九州大学,jp,
帝京大学,jp,
东京医科齿科大学,jp,
筑波大学,jp,
关西医科大学,jp,
横滨市立大学,jp,
会津大学,jp,
广岛大学,jp,
東京慈恵会医科大学,jp,
庆应义塾大学,jp,
近畿大学,jp,
神户大学,jp,
久留米大学,jp,
日本医科大学,jp,
首都大学东京,jp,
早稻田大学,jp,
爱知医科大学,jp,
千叶大学,jp,
浜松医科大学,jp,
兵库医科大学,jp,
顺天堂大学,jp,
金泽大学,jp,
熊本大学,jp,
京都府立医科大学,jp,
室兰工业大学,jp,
新潟大学,jp,
冈山大学,jp,
大阪市立大学,jp,
立教大学,jp,
札幌医科大学,jp,
圣玛丽安娜医科大学,jp,
东京农工大学,jp,
东京医科大学,jp,
东京理科大学,jp,
秋田大学,jp,
青山学院大学,jp,
千叶工业大学,jp,
中部大学,jp,
中央大学,jp,
同志社大学,jp,
爱媛大学,jp,
电气通信大学,jp,
福井大学,jp,
岐阜大学,jp,
群马大学,jp,
法政大学,jp,
兵库大学,jp,
茨城大学,jp,
岩手大学,jp,
香川大学,jp,
鹿儿岛大学,jp,
神奈川大学,jp,
关西大学,jp,
北里大学,jp,
高知大学,jp,
工学院大学,jp,
关西学院大学,jp,
京都工艺纤维大学,jp,
九州工业学院,jp,
明治大学,jp,
名城大学,jp,
三重大学,jp,
宫崎大学,jp,
长冈技术科学大学,jp,
长崎大学,jp,
名古屋市立大学,jp,
名古屋工业大学,jp,
奈良县立医科大学,jp,
御茶水女子大学,jp,
大分大学,jp,
大阪医科大学,jp,
大阪府立大学,jp,
立命馆大学,jp,
琉球大学,jp,
佐贺大学,jp,
埼玉大学,jp,
埼玉医科大学,jp,
芝浦工業大学,jp,
滋贺医科大学,jp,
岛根大学,jp,
信州大学,jp,
静冈大学,jp,
静冈县立大学,jp,
昭和大学,jp,
上智大学,jp,
东邦大学,jp,
东海大学（日本）,jp,
德岛大学,jp,
东京农业大学,jp,
东京都市大学,jp,
东京电机大学,jp,
东京海洋大学,jp,
鸟取大学,jp,
富山大学,jp,
东洋大学,jp,
丰桥技术大学（TUT）,jp,
宇都宫大学,jp,
山形大学,jp,
山口大学,jp,
山梨大学,jp,
横滨国立大学,jp,
首尔国立大学,kr,
成均馆大学,kr,
韩国高等科技学院,kr,
浦项科技大学,kr,
高丽大学,kr,
延世大学,kr,
蔚山国立科技学院,kr,
庆熙大学,kr,
汉阳大学,kr,
光州科技学院,kr,
世宗大学,kr,
韩国中央大学,kr,
梨花女子大学,kr,
建国大学,kr,
釜山国立大学,kr,
蔚山大学,kr,
亚洲大学,kr,
全北国立大学,kr,
全南国立大学,kr,
仁荷大学,kr,
庆北国立大学,kr,
首尔大学,kr,
西江大学,kr,
韩国岭南大学,kr,
忠南国立大学,kr,
翰林大学,kr,
仁川国立大学,kr,
江原国立大学,kr,
国民大学,kr,
国立首尔科学技术大学,kr,
崇实大学,kr,
牛津大学,uk,
剑桥大学,uk,
帝国理工学院,uk,
伦敦大学学院,uk,
伦敦政治经济学院,uk,
爱丁堡大学,uk,
伦敦大学国王学院,uk,
曼彻斯特大学,uk,
华威大学,uk,
布里斯托大学,uk,
格拉斯哥大学,uk,
伦敦大学玛丽女王学院,uk,
伯明翰大学,uk,
谢菲尔德大学,uk,
南安普敦大学,uk,
约克大学（英国）,uk,
杜伦大学,uk,
兰卡斯特大学,uk,
埃克塞特大学,uk,
萨塞克斯大学,uk,
诺丁汉大学,uk,
利兹大学,uk,
利物浦大学,uk,
莱斯特大学,uk,
阿伯丁大学,uk,
东安格利亚大学,uk,
卡迪夫大学,uk,
圣安德鲁斯大学,uk,
邓迪大学,uk,
纽卡斯尔大学（英国）,uk,
贝尔法斯特女王大学,uk,
雷丁大学,uk,
伦敦大学圣乔治学院,uk,
巴斯大学,uk,
布莱顿与萨塞克斯医学院,uk,
埃塞克斯大学,uk,
赫瑞瓦特大学,uk,
伦敦大学皇家霍洛威学院,uk,
萨里大学,uk,
斯旺西大学,uk,
安格利亚鲁斯金大学,uk,
伦敦大学伯克贝克学院,uk,
布鲁内尔大学,uk,
伦敦大学金史密斯学院,uk,
肯特大学,uk,
拉夫堡大学,uk,
诺森比亚大学,uk,
斯特林大学,uk,
阿伯斯威大学,uk,
班戈大学,uk,
伯恩茅斯大学,uk,
伦敦城市大学,uk,
利物浦约翰摩尔斯大学,uk,
米德塞斯大学,uk,
朴茨茅斯大学,uk,
皇家兽医学院,uk,
伦敦大学亚非学院,uk,
斯凯莱德大学,uk,
阿斯顿大学,uk,
赫尔大学,uk,
基尔大学,uk,
开放大学,uk,
普利茅斯大学,uk,
西苏格兰大学,uk,
布莱顿大学,uk,
考文垂大学,uk,
德蒙福特大学,uk,
格拉斯哥卡利多尼亚大学,uk,
格林威治大学,uk,
赫特福德大学,uk,
哈德斯菲尔德大学,uk,
林肯大学（英国）,uk,
曼彻斯特都会大学,uk,
诺丁汉特伦特大学,uk,
牛津布鲁克斯大学,uk,
阿尔斯特大学,uk,
西英格兰大学,uk,
威斯敏斯特大学,uk,
贝德福德郡大学,uk,
伯明翰城市大学,uk,
布拉德福德大学,uk,
卡迪夫城市大学,uk,
中央兰开夏大学,uk,
德比大学,uk,
东伦敦大学,uk,
龙比亚大学,uk,
金斯顿大学,uk,
利兹贝克特大学,uk,
罗汉普敦大学,uk,
索尔福德大学,uk,
谢菲尔德哈莱姆大学,uk,
斯塔福德大学,uk,
泰塞德大学,uk,
沃尔夫汉普顿大学,uk,
坎特伯雷大学（英国）,uk,
切斯特大学,uk,
边山大学,uk,
伦敦南岸大学,uk,
罗伯特戈顿大学,uk,
南威尔士大学,uk,
加州理工学院,us,
斯坦福大学,us,
麻省理工学院,us,
普林斯顿大学,us,
哈佛大学,us,
耶鲁大学,us,
芝加哥大学,us,
宾夕法尼亚大学,us,
约翰霍普金斯大学,us,
加州大学伯克利分校,us,
哥伦比亚大学,us,
加州大学洛杉矶分校,us,
康奈尔大学,us,
杜克大学,us,
密歇根大学安娜堡分校,us,
西北大学,us,
华盛顿大学,us,
卡耐基梅隆大学,us,
纽约大学,us,
加州大学圣地亚哥分校,us,
佐治亚理工学院,us,
德克萨斯大学奥斯汀分校,us,
伊利诺伊大学厄本那-香槟分校,us,
威斯康辛大学麦迪逊分校,us,
圣路易斯华盛顿大学,us,
布朗大学,us,
北卡罗来纳大学教堂山分校,us,
加州大学戴维斯分校,us,
加州大学圣塔芭芭拉分校,us,
波士顿大学,us,
南加州大学,us,
俄亥俄州立大学,us,
宾州州立大学公园分校,us,
明尼苏达大学双城分校,us,
艾茉莉大学,us,
密歇根州立大学,us,
普渡大学西拉法叶分校,us,
马里兰大学学院公园分校,us,
达特茅斯学院,us,
加州大学尔湾分校,us,
乔治敦大学,us,
亚利桑那大学,us,
莱斯大学,us,
弗吉尼亚大学,us,
匹兹堡大学,us,
范德堡大学,us,
凯斯西储大学,us,
科罗拉多大学博尔德分校,us,
印第安纳大学伯明顿分校,us,
塔夫斯大学,us,
亚利桑那州立大学,us,
圣母大学,us,
罗格斯大学,us,
阿拉巴马大学伯明翰分校,us,
东北大学,us,
罗切斯特大学,us,
佛罗里达大学,us,
德州农工大学,us,
加州大学圣克鲁兹分校,us,
乔治华盛顿大学,us,
布兰迪斯大学,us,
夏威夷大学马诺阿分校,us,
霍华德大学,us,
爱荷华大学,us,
马萨诸塞大学阿默斯特分校,us,
迈阿密大学,us,
南佛罗里达大学,us,
犹他大学,us,
弗吉尼亚理工学院,us,
维克森林大学,us,
威廉玛丽学院,us,
纽约州立大学水牛城分校,us,
加州大学河滨分校,us,
辛辛那提大学,us,
特拉华大学,us,
佛罗里达州立大学,us,
乔治梅森大学,us,
伊利诺伊大学芝加哥分校,us,
俄勒冈大学,us,
俄勒冈健康科学大学,us,
雪城大学,us,
波士顿学院,us,
科罗拉多矿业学院,us,
新墨西哥大学,us,
北卡罗来纳州立大学,us,
诺瓦东南大学,us,
拉什大学,us,
纽约州立大学石溪分校,us,
天普大学,us,
田纳西大学,us,
德克萨斯大学达拉斯分校,us,
杜兰大学,us,
阿拉斯加大学费尔班克斯分校,us,
加州大学默塞德分校,us,
克拉克大学,us,
康涅狄格大学,us,
丹佛大学,us,
霍夫斯特拉大学,us,
爱荷华州立大学,us,
俄勒冈州立大学,us,
纽约州立大学阿尔巴尼分校,us,
华盛顿州立大学,us,
韦恩州立大学,us,
阿拉巴马大学,us,
美利坚大学,us,
科罗拉多州立大学,us,
德雷塞尔大学,us,
佐治亚大学,us,
佐治亚州立大学,us,
休斯敦大学,us,
堪萨斯大学,us,
肯塔基大学,us,
密苏里大学,us,
密苏里大学圣路易斯分校,us,
内布拉斯加大学林肯分校,us,
新墨西哥矿业技术学院,us,
俄克拉荷马州立大学,us,
伦斯勒理工学院,us,
南卡罗来纳大学,us,
德克萨斯大学安东尼奥分校,us,
塔尔萨大学,us,
阿拉巴马大学亨茨维尔分校,us,
纽约州立大学宾汉姆顿分校,us,
佛罗里达国际大学,us,
爱达荷大学,us,
路易斯安那州立大学,us,
密苏里科技大学,us,
内布拉斯加大学医学中心,us,
新泽西理工学院,us,
北亚利桑那大学,us,
罗德岛大学,us,
圣地亚哥州立大学,us,
威斯康辛大学密尔沃基分校,us,
阿肯色大学,us,
奥本大学,us,
贝勒大学,us,
中佛罗里达大学,us,
克莱蒙森大学,us,
克雷顿大学,us,
堪萨斯州立大学,us,
肯特州立大学,us,
里海大学,us,
马里兰大学巴尔的摩郡分校,us,
蒙大拿州立大学,us,
内华达大学拉斯维加斯分校,us,
新墨西哥州立大学,us,
北卡罗来纳大学格林波若分校,us,
俄亥俄大学,us,
欧道明大学,us,
波特兰州立大学,us,
南达科他大学,us,
史蒂文斯理工学院,us,
德克萨斯大学阿灵顿分校,us,
德州理工大学,us,
托莱多大学,us,
西华盛顿大学,us,
西弗吉尼亚大学,us,
伍斯特理工学院,us,
安柏瑞德航空航天大学,us,
佛罗里达大西洋大学,us,
佛罗里达理工学院,us,
路易斯安那理工大学,us,
马凯特大学,us,
密西西比州立大学,us,
新学校大学,us,
罗切斯特理工学院,us,
德克萨斯大学埃尔帕索分校,us,
加州州立大学长滩分校,us,
北卡罗来纳大学威尔明顿分校,us,
北佛罗里达大学,us,
奥克兰大学（美国）,us,
德克萨斯州立大学,us,
哥本哈根大学,丹麦,
奥胡斯大学,丹麦,
丹麦理工大学,丹麦,
奥尔堡大学,丹麦,
哥本哈根商学院,丹麦,
南丹麦大学,丹麦,
罗斯基勒大学,丹麦,
利沃夫国立理工大学,乌克兰,
利沃夫国立大学,乌克兰,
哈尔科夫国立理工大学,乌克兰,
苏梅州立大学,乌克兰,
基辅国立大学,乌克兰,
哈尔科夫国立大学,乌克兰,
麦克雷雷大学,乌干达,
特拉维夫大学,以色列,
耶路撒冷希伯来大学,以色列,
以色列理工学院,以色列,
巴伊兰大学,以色列,
海法大学,以色列,
以色列赫兹利亚跨学科研究中心,以色列,
巴格达大学,伊拉克,
伊拉克理工大学,伊拉克,
巴伯勒理工大学,伊朗,
亚苏支大学,伊朗,
阿米喀布尔理工大学,伊朗,
卡尚大学,伊朗,
马什哈德医科大学,伊朗,
沙里夫理工大学,伊朗,
德黑兰医科大学,伊朗,
霍梅尼国际大学,伊朗,
伊朗医科大学,伊朗,
伊朗科技大学,伊朗,
伊斯法罕理工大学,伊朗,
沙希德·贝赫什提医科大学,伊朗,
设拉子科技大学,伊朗,
大不里士大学,伊朗,
大不里士医科大学,伊朗,
德黑兰大学,伊朗,
马什哈德菲尔多西大学,伊朗,
伊斯法罕大学,伊朗,
伊斯法罕医科大学,伊朗,
图西理工大学,伊朗,
库尔德斯坦大学,伊朗,
马赞达兰大学,伊朗,
沙希德·贝赫什提大学,伊朗,
设拉子大学,伊朗,
阿尔扎赫拉大学,伊朗,
阿扎拜疆沙希德马达尼大学,伊朗,
比尔詹德大学,伊朗,
布-阿里大学(哈马丹),伊朗,
圭兰大学,伊朗,
哈拉兹米大学,伊朗,
塞姆南大学,伊朗,
萨哈德大学,伊朗,
沙希德巴霍纳科尔曼大学,伊朗,
阿瓦兹沙希德查姆兰大学,伊朗,
沙赫尔库尔德大学,伊朗,
沙尔鲁德理工大学,伊朗,
设拉子医科大学,伊朗,
乌尔米耶大学,伊朗,
亚兹德大学,伊朗,
赞詹大学,伊朗,
莫斯科国立大学,俄罗斯,
莫斯科物理技术学院,俄罗斯,
俄罗斯高等经济学院,俄罗斯,
圣彼得堡国立信息技术大学,俄罗斯,
莫斯科核子研究大学,俄罗斯,
新西伯利亚国立大学,俄罗斯,
圣彼得堡理工大学,俄罗斯,
托木斯克国立大学,俄罗斯,
喀山联邦大学,俄罗斯,
俄罗斯国立科技大学,俄罗斯,
圣彼得堡国立大学,俄罗斯,
托木斯克理工大学,俄罗斯,
鲍曼大学,俄罗斯,
圣彼得堡矿业大学,俄罗斯,
俄罗斯友谊大学,俄罗斯,
巴什基尔州立大学,俄罗斯,
别尔哥罗德州立国立研究大学,俄罗斯,
远东联邦大学,俄罗斯,
古布金俄罗斯国立石油大学,俄罗斯,
喀山国立研究技术大学,俄罗斯,
罗巴切夫斯基州立大学,俄罗斯,
MIREA  - 俄罗斯科技大学,俄罗斯,
莫斯科航空学院,俄罗斯,
莫斯科动力学院,俄罗斯,
萨拉托夫州立大学,俄罗斯,
新西伯利亚国立科技大学,俄罗斯,
彼尔姆国立研究理工大学,俄罗斯,
彼尔姆州立大学,俄罗斯,
皮罗戈夫俄罗斯国立研究医科大学,俄罗斯,
萨马拉大学,俄罗斯,
塞维诺诺夫大学,俄罗斯,
西伯利亚联邦大学,俄罗斯,
南方联邦大学,俄罗斯,
南乌拉尔州立大学,俄罗斯,
圣彼得堡电工大学（莱蒂）,俄罗斯,
乌法国立航空技术大学,俄罗斯,
乌拉尔联邦大学,俄罗斯,
伏尔加格勒州立技术大学,俄罗斯,
沃罗涅日国立大学,俄罗斯,
加州索非亚大学,保加利亚,
斯普利特大学,克罗地亚,
萨格勒布大学,克罗地亚,
雷克雅未克大学,冰岛,
冰岛大学,冰岛,
加纳大学,加纳,
塞梅尔魏斯大学,匈牙利,
匈牙利罗兰大学,匈牙利,
德布勒森大学,匈牙利,
佩奇大学,匈牙利,
塞格德大学,匈牙利,
布达佩斯经济技术大学,匈牙利,
布达佩斯大学,匈牙利,
圣斯蒂芬大学,匈牙利,
东地中海大学,北塞浦路斯,
开普敦大学,南非,
金山大学,南非,
斯泰伦博斯大学,南非,
夸祖鲁-纳塔尔大学,南非,
西北大学（南非）,南非,
约翰内斯堡大学,南非,
比勒陀利亚大学,南非,
西开普大学,南非,
茨瓦理工大学,南非,
南非大学,南非,
卡塔尔大学,卡塔尔,
卢森堡大学,卢森堡,
印度尼西亚大学,印尼,
万隆理工学院,印尼,
茂物农业大学,印尼,
宝拉维加亚大学,印尼,
加札马达大学,印尼,
泗水理工学院,印尼,
哈瓦那大学,古巴,
国立台湾大学,台湾,
国立清华大学,台湾,
台北医学大学,台湾,
中国医药大学,台湾,
国立交通大学,台湾,
国立台湾科技大学,台湾,
国立阳明大学,台湾,
国立成功大学,台湾,
国立台湾师范大学,台湾,
台湾亚洲大学,台湾,
长庚大学,台湾,
辅仁大学,台湾,
高雄医学大学,台湾,
国立中央大学,台湾,
国立政治大学,台湾,
国立东华大学,台湾,
国立中山大学,台湾,
国立台北科技大学,台湾,
朝阳科技大学,台湾,
中原大学,台湾,
逢甲大学,台湾,
义守大学,台湾,
铭传大学,台湾,
国立彰化大学,台湾,
国立嘉义大学,台湾,
国立勤益科技大学,台湾,
国立中正大学,台湾,
国立中兴大学,台湾,
国立高雄大学,台湾,
国立台北大学,台湾,
国立台湾海洋大学,台湾,
国立云林科技大学,台湾,
淡江大学,台湾,
东海大学（台湾）,台湾,
慈济大学,台湾,
元智大学,台湾,
国立哈萨克大学,哈萨克斯坦,
国立欧亚大学,哈萨克斯坦,
杰斐逊大学,哥伦比亚,
安第斯大学,哥伦比亚,
安蒂奥基亚大学,哥伦比亚,
罗萨里奥大学,哥伦比亚,
桑坦德工业大学（UIS）,哥伦比亚,
哥伦比亚国立大学,哥伦比亚,
哥伦比亚北方大学,哥伦比亚,
罗马教皇玻利瓦尔大学麦德林分校,哥伦比亚,
哥斯达黎加大学,哥斯达黎加,
詹卡亚大学,土耳其,
萨班哲大学,土耳其,
毕尔坎特大学,土耳其,
哈斯特帕大学,土耳其,
科奇大学,土耳其,
海峡大学,土耳其,
伊斯坦布尔理工大学,土耳其,
中东理工大学,土耳其,
阿兹蒙大学,土耳其,
伊斯坦布尔大学,土耳其,
卡拉比克大学,土耳其,
阿吉巴登大学,土耳其,
阿克登尼基大学,土耳其,
阿纳多卢大学,土耳其,
安卡拉大学,土耳其,
巴沙耶尔大学,土耳其,
巴斯肯特大学,土耳其,
切库罗瓦大学,土耳其,
杜库兹伊鲁尔大学,土耳其,
爱琴海大学（土耳其）,土耳其,
埃尔吉耶斯大学,土耳其,
咖兹大学,土耳其,
加济安泰普大学,土耳其,
格布泽技术大学,土耳其,
伊斯坦布尔医科大学,土耳其,
伊兹密尔理工学院,土耳其,
马尔马拉大学,土耳其,
昂达库兹美伊斯大学,土耳其,
塞尔丘克大学,土耳其,
苏莱曼德米雷尔大学,土耳其,
图拨经济技术大学,土耳其,
格基奥马帕萨大学,土耳其,
叶迪特佩大学,土耳其,
耶尔德兹理工大学,土耳其,
达累斯萨拉姆大学,坦桑尼亚,
阿斯旺大学,埃及,
曼苏拉大学,埃及,
苏伊士运河大学,埃及,
贝尼索夫大学,埃及,
开罗大学,埃及,
谢赫大学,埃及,
艾因夏姆斯大学,埃及,
开罗美国大学,埃及,
本哈大学,埃及,
坦塔大学,埃及,
艾资哈尔大学,埃及,
亚历山大大学,埃及,
艾斯尤特大学,埃及,
法尤姆大学,埃及,
赫勒万大学,埃及,
姆努菲亚大学,埃及,
米尼亚大学,埃及,
索哈杰大学,埃及,
南谷大学,埃及,
扎加齐格大学,埃及,
塞浦路斯理工大学,塞浦路斯,
塞浦路斯大学,塞浦路斯,
维也纳大学,奥地利,
格拉茨医科大学,奥地利,
维也纳医科大学,奥地利,
因斯布鲁克医科大学,奥地利,
克拉根福大学,奥地利,
维也纳工业大学,奥地利,
因斯布鲁克大学,奥地利,
格拉茨大学,奥地利,
格拉茨工业大学,奥地利,
林茨大学,奥地利,
莱奥本大学,奥地利,
安第斯大学,委内瑞拉,
西蒙·玻利瓦尔大学,委内瑞拉,
达卡大学,孟加拉国,
圣约大学,尼日利亚,
伊巴丹大学,尼日利亚,
拉各斯大学,尼日利亚,
尼日利亚大学,尼日利亚,
特里布万大学,尼泊尔,
奎德阿萨姆大学,巴基斯坦,
伊斯兰堡通信卫星大学,巴基斯坦,
费萨拉巴德农业大学,巴基斯坦,
巴基斯坦国际伊斯兰大学,巴基斯坦,
拉合尔管理大学,巴基斯坦,
伊斯兰堡国立科技大学,巴基斯坦,
旁遮普大学（巴基斯坦）,巴基斯坦,
巴哈丁拉齐大学,巴基斯坦,
拉合尔工程技术大学,巴基斯坦,
拉合尔政府大学,巴基斯坦,
白沙瓦大学,巴基斯坦,
拉瓦尔品第农业大学,巴基斯坦,
萨果达大学,巴基斯坦,
拉合尔兽医与动物科学大学,巴基斯坦,
圣保罗大学,巴西,
坎皮纳斯大学,巴西,
米纳斯吉拉斯联邦大学,巴西,
南里奥格兰德联邦大学,巴西,
圣卡塔琳娜联邦大学,巴西,
圣保罗联邦大学,巴西,
里约热内卢天主大学,巴西,
巴西利亚大学,巴西,
佩勒塔斯联邦大学,巴西,
里约热内卢联邦大学,巴西,
南里奥格兰德天主大学,巴西,
圣保罗州立大学,巴西,
南卡希亚斯大学,巴西,
塞阿拉州立大学,巴西,
ABC联邦大学（UFABC）,巴西,
阿拉戈斯联邦大学,巴西,
巴伊亚联邦大学,巴西,
塞亚尔联邦大学,巴西,
圣埃斯皮里图联邦大学,巴西,
联邦戈亚大学,巴西,
阿雷格里港联邦健康科学大学,巴西,
伊塔茹巴联邦大学,巴西,
拉夫拉斯联邦大学,巴西,
南马托格罗索联邦大学,巴西,
欧鲁普雷图联邦大学,巴西,
帕拉联邦大学,巴西,
巴拉那联邦大学,巴西,
伯南布哥联邦大学,巴西,
北里约热内卢联邦大学,巴西,
半干旱地区联邦农村大学,巴西,
圣玛丽亚联邦大学,巴西,
圣卡洛斯联邦大学,巴西,
巴拉那联邦理工大学,巴西,
维索萨联邦大学,巴西,
弗鲁米嫩塞联邦大学,巴西,
福塔雷萨大学,巴西,
隆德里纳州立大学,巴西,
米纳斯吉拉斯天主教大学,巴西,
巴拉那天主大学,巴西,
里约热内卢州立大学,巴西,
圣卡塔琳娜州立大学,巴西,
铃谷大学,巴西,
马林加州立大学,巴西,
庞塔州立大学,巴西,
圣克鲁兹州立大学,巴西,
西帕兰州立大学,巴西,
克里特大学,希腊,
雅典大学,希腊,
亚里士多德大学,希腊,
约阿尼纳大学,希腊,
雅典国立科技大学,希腊,
塞萨利大学,希腊,
爱琴海大学,希腊,
雅典经商大学,希腊,
帕特雷大学,希腊,
色雷斯大学,希腊,
慕尼黑大学,德国,
慕尼黑工业大学,德国,
海德堡大学,德国,
柏林洪堡大学,德国,
柏林查理特医科大学,德国,
弗莱堡大学,德国,
蒂宾根大学,德国,
亚琛工业大学,德国,
波恩大学,德国,
柏林自由大学,德国,
哥廷根大学,德国,
乌尔姆大学,德国,
汉堡大学,德国,
柏林工业大学,德国,
科隆大学,德国,
曼海姆大学,德国,
德累斯顿工业大学,德国,
维尔茨堡大学,德国,
比勒费尔德大学,德国,
卡尔斯鲁厄理工学院,德国,
埃尔朗根-纽伦堡大学,德国,
明斯特大学,德国,
杜伊斯堡-埃森大学,德国,
霍恩海姆大学,德国,
康斯坦茨大学,德国,
基尔大学（德国）,德国,
帕绍大学,德国,
波茨坦大学,德国,
波鸿大学,德国,
斯图加特大学,德国,
达姆施塔特工业大学,德国,
法兰克福大学,德国,
不来梅雅各布大学,德国,
美因茨大学,德国,
马尔堡大学,德国,
拜罗伊特大学,德国,
不来梅大学,德国,
吉森大学,德国,
多特蒙德工业大学,德国,
汉诺威大学,德国,
格赖夫斯瓦尔德大学,德国,
汉堡工业大学,德国,
锡根大学,德国,
伍珀塔尔大学,德国,
开姆尼茨工业大学,德国,
凯泽斯劳滕工业大学,德国,
布伦瑞克工业大学,德国,
伊尔默瑙工业大学,德国,
比萨圣安娜大学,意大利,
比萨高等师范学院,意大利,
博洛尼亚大学,意大利,
帕多瓦大学,意大利,
圣拉斐尔大学,意大利,
罗马第一大学,意大利,
米兰大学,意大利,
米兰理工大学,意大利,
特伦托大学,意大利,
佛罗伦萨大学,意大利,
那不勒斯腓特烈二世大学,意大利,
佩鲁贾大学,意大利,
比萨大学,意大利,
萨勒诺大学,意大利,
巴里大学,意大利,
费拉拉大学,意大利,
博尔扎诺自由大学,意大利,
热那亚大学,意大利,
米兰比可卡大学,意大利,
艾米利亚大学,意大利,
帕维亚大学,意大利,
巴里理工大学,意大利,
锡耶纳大学,意大利,
的里雅斯特大学,意大利,
都灵大学,意大利,
乌尔比诺大学,意大利,
维罗纳大学,意大利,
拉奎拉大学,意大利,
布雷西亚大学,意大利,
卡塔尼亚大学,意大利,
圣心天主大学,意大利,
因苏比亚大学,意大利,
马尔凯理工大学,意大利,
都灵理工大学,意大利,
罗马第二大学,意大利,
罗马第三大学,意大利,
乌迪内大学,意大利,
阿莫迪欧·阿伏加德罗东皮埃蒙特大学,意大利,
贝加莫大学,意大利,
威尼斯大学,意大利,
卡拉布里亚大学,意大利,
巴勒摩大学,意大利,
帕尔马大学,意大利,
萨兰托大学,意大利,
萨萨里大学,意大利,
拉脱维亚大学,拉脱维亚,
拉脱维亚生命科学与技术大学,拉脱维亚,
里加工业大学,拉脱维亚,
奥斯陆大学,挪威,
卑尔根大学,挪威,
挪威科技大学,挪威,
特罗姆瑟大学,挪威,
挪威生命科学大学,挪威,
布拉格查尔斯大学,捷克,
马萨里克大学,捷克,
帕拉茨基大学,捷克,
布拉格工业大学,捷克,
捷克布杰约维采南波西米亚大学,捷克,
布尔诺工业大学,捷克,
布拉格化工大学,捷克,
捷克布拉格生命科学大学,捷克,
布拉格经济大学,捷克,
赫拉德茨克拉洛夫大学,捷克,
布尔诺孟德尔大学,捷克,
俄斯特拉法大学,捷克,
帕尔杜比采大学,捷克,
利贝雷茨工业大学,捷克,
兹林大学,捷克,
俄斯特拉法工业大学,捷克,
西波希米亚大学,捷克,
西迪·穆罕默德·本·阿卜杜勒大学,摩洛哥,
哈桑二世卡萨布兰卡大学,摩洛哥,
卡迪阿雅德大学,摩洛哥,
拉马特大学,摩洛哥,
文莱达鲁萨兰大学,文莱达鲁萨兰国,
夸美纽斯大学,斯洛伐克,
尼特拉斯洛伐克农业大学,斯洛伐克,
斯洛伐克工业大学,斯洛伐克,
科希策技术大学,斯洛伐克,
卢布尔雅那大学,斯洛文尼亚,
马里博尔大学,斯洛文尼亚,
佩拉德尼亚大学,斯里兰卡,
科伦坡大学,斯里兰卡,
新加坡国立大学,新加坡,
南洋理工大学,新加坡,
奥克兰大学,新西兰,
奥塔戈大学,新西兰,
奥克兰理工大学,新西兰,
坎特伯雷大学（新西兰）,新西兰,
林肯大学,新西兰,
梅西大学,新西兰,
惠灵顿维多利亚大学,新西兰,
怀卡托大学,新西兰,
德萨罗洛大学,智利,
迭戈波尔特大学,智利,
智利自治大学,智利,
智利天主大学,智利,
智利大学,智利,
圣玛丽亚联邦理工大学,智利,
拉弗龙特拉大学,智利,
智利安第斯大学,智利,
安德烈斯贝洛大学,智利,
智利奥斯特拉尔大学,智利,
比奥比奥大学,智利,
北天主教大学,智利,
康塞普西翁大学,智利,
瓦尔帕莱索天主大学,智利,
智利圣地亚哥大学,智利,
塔尔卡大学,智利,
塔拉帕克大学,智利,
瓦尔帕莱索大学,智利,
第比利斯国立大学,格鲁吉亚,
鲁汶大学（荷语）,比利时,
根特大学,比利时,
鲁汶大学（法语）,比利时,
安特卫普大学,比利时,
布鲁塞尔自由大学（法语）,比利时,
布鲁塞尔自由大学（荷语）,比利时,
列日大学,比利时,
哈瑟尔特大学,比利时,
阿卜杜勒阿齐兹国王大学,沙特,
阿尔法塞尔大学,沙特,
法赫德国王石油与矿产大学,沙特,
沙特国王大学,沙特,
阿卜杜勒国王健康科学大学,沙特,
哈立德国王大学,沙特,
阿卜杜勒拉曼费萨尔大学,沙特,
巴黎人文与科学学院,法国,
索邦大学,法国,
巴黎高等理工学院,法国,
巴黎大学,法国,
巴黎高等电信学院,法国,
里昂高等师范学院,法国,
巴黎第十一大学,法国,
巴黎高等路桥学院,法国,
马赛大学,法国,
格勒诺布尔大学,法国,
蒙彼利埃大学,法国,
法国大西洋高等矿业电信学校,法国,
凡尔赛大学,法国,
波尔多大学,法国,
南特中央理工学校,法国,
里维埃拉大学,法国,
圣艾蒂安高等矿业学院,法国,
图卢兹联邦大学,法国,
巴黎政治学院,法国,
斯特拉斯堡大学,法国,
勃艮第大学,法国,
法国中央理工学院,法国,
里昂第一大学,法国,
科尔蒙特大学,法国,
巴黎中央理工学院,法国,
巴黎萨克雷高等师范学院,法国,
里尔大学,法国,
洛林大学,法国,
里昂第二大学,法国,
南特大学,法国,
里昂应用科学学院,法国,
巴黎第一大学,法国,
雷恩第一大学,法国,
贡比涅技术大学,法国,
图尔大学,法国,
诺曼底大学,法国,
塞吉-蓬图瓦兹大学,法国,
巴黎南特雷大学,法国,
雅盖隆大学,波兰,
华沙大学,波兰,
波兹南大学,波兰,
格但斯克工业大学,波兰,
波兰矿冶大学,波兰,
格但斯克大学,波兰,
罗兹大学,波兰,
罗兹工业大学,波兰,
哥白尼大学,波兰,
西里西亚大学,波兰,
西里西亚工业大学,波兰,
波兰华沙社会科学与人文大学,波兰,
华沙工业大学,波兰,
弗罗茨瓦夫科技大学,波兰,
波多黎各大学,波多黎各,
泰国太后大学,泰国,
玛希隆大学,泰国,
朱拉隆功大学,泰国,
清迈大学,泰国,
泰国农业大学,泰国,
孔敬大学,泰国,
拉卡邦先皇技术学院,泰国,
北曼谷国王大学,泰国,
吞武里大学,泰国,
玛哈沙拉坎大学,泰国,
纳瑞宣大学,泰国,
宋卡王子大学,泰国,
泰国艺术大学,泰国,
诗纳卡琳威洛大学,泰国,
苏兰拉里技术大学,泰国,
泰国法政大学,泰国,
澳门科技大学,澳门,
澳门大学,澳门,
都柏林圣三一学院,爱尔兰,
爱尔兰皇家外科医学院,爱尔兰,
都柏林大学学院,爱尔兰,
高威大学,爱尔兰,
梅努斯大学,爱尔兰,
科克大学学院,爱尔兰,
利默里克大学,爱尔兰,
都柏林城市大学,爱尔兰,
都柏林理工大学,爱尔兰,
塔尔图大学,爱沙尼亚,
塔林大学,爱沙尼亚,
塔林理工大学,爱沙尼亚,
西印第安大学系统,牙买加,
卡罗琳学院,瑞典,
隆德大学,瑞典,
乌普萨拉大学,瑞典,
斯德哥尔摩大学,瑞典,
哥德堡大学,瑞典,
瑞典皇家理工学院,瑞典,
查尔姆斯工业大学,瑞典,
瑞典农业科学大学,瑞典,
于默奥大学,瑞典,
厄勒布鲁大学,瑞典,
林雪平大学,瑞典,
卡尔斯塔德大学,瑞典,
苏黎世联邦理工学院,瑞士,
洛桑联邦理工学院,瑞士,
苏黎世大学,瑞士,
巴塞尔大学,瑞士,
伯尔尼大学,瑞士,
日内瓦大学,瑞士,
洛桑大学,瑞士,
弗里堡大学,瑞士,
提契诺大学,瑞士,
圣加仑大学,瑞士,
纳沙泰尔大学,瑞士,
白俄罗斯国立大学,白俄罗斯,
科威特大学,科威特,
卡耶塔诺埃雷迪亚大学,秘鲁,
秘鲁天主大学,秘鲁,
迦太基大学,突尼斯,
马诺布大学,突尼斯,
莫纳斯提尔大学,突尼斯,
斯法克斯大学,突尼斯,
苏斯大学,突尼斯,
突尼斯萨尔瓦多马纳尔大学,突尼斯,
维尔纽斯大学,立陶宛,
考纳斯工业大学,立陶宛,
维尔纽斯工业大学,立陶宛,
约旦科技大学,约旦,
阿拜勒加应用大学,约旦,
约旦大学,约旦,
哈希姆大学,约旦,
耶尔穆克大学,约旦,
鲍耶大学,罗马尼亚,
布加勒斯特经济研究大学,罗马尼亚,
库扎大学,罗马尼亚,
布加勒斯特大学,罗马尼亚,
波帕医学药学大学,罗马尼亚,
布加勒斯特工业大学,罗马尼亚,
蒂米什瓦拉理工大学,罗马尼亚,
克卢日-纳波卡理工大学,罗马尼亚,
西蒂米什瓦拉大学,罗马尼亚,
内罗毕大学,肯尼亚,
赫尔辛基大学,芬兰,
阿尔托大学,芬兰,
奥卢大学,芬兰,
坦佩雷理工大学,芬兰,
图库大学,芬兰,
东芬兰大学,芬兰,
于韦斯屈莱大学,芬兰,
拉彭兰塔理工大学,芬兰,
埃博学术大学,芬兰,
万格宁根大学,荷兰,
阿姆斯特丹大学,荷兰,
代尔夫特理工大学,荷兰,
莱顿大学,荷兰,
伊拉斯姆斯大学,荷兰,
格罗宁根大学,荷兰,
乌得勒支大学,荷兰,
马斯特里赫特大学,荷兰,
奈梅亨大学,荷兰,
阿姆斯特丹自由大学,荷兰,
埃因霍温理工大学,荷兰,
蒂尔堡大学,荷兰,
特文特大学,荷兰,
菲律宾大学,菲律宾,
德拉萨大学,菲律宾,
葡萄牙天主大学,葡萄牙,
波尔图大学,葡萄牙,
里斯本大学,葡萄牙,
阿威罗大学,葡萄牙,
贝拉内大学,葡萄牙,
科英布拉大学,葡萄牙,
里斯本大学高级商务与劳动科学研究所,葡萄牙,
米尼奥大学,葡萄牙,
新葡京大学,葡萄牙,
阿尔加维大学,葡萄牙,
埃武拉大学,葡萄牙,
波尔图理工学院,葡萄牙,
杜罗大学,葡萄牙,
庞培法布拉大学,西班牙,
巴塞罗那自治大学,西班牙,
巴塞罗那大学,西班牙,
马德里自治大学,西班牙,
纳瓦拉大学,西班牙,
瓦伦西亚大学,西班牙,
马德里康普斯顿大学,西班牙,
加泰罗尼亚开放大学,西班牙,
罗维拉大学,西班牙,
阿尔卡拉大学,西班牙,
巴利阿里大学,西班牙,
巴斯克大学,西班牙,
赫罗纳大学,西班牙,
格拉纳达大学,西班牙,
海梅一世大学,西班牙,
拉古纳大学,西班牙,
莱里达大学,西班牙,
埃尔南德斯大学,西班牙,
奥维多大学,西班牙,
加泰罗尼亚理工大学,西班牙,
萨拉曼卡大学,西班牙,
孔波斯特拉大学,西班牙,
拉科鲁尼亚大学,西班牙,
阿里坎特大学,西班牙,
加迪斯大学,西班牙,
马德里卡洛斯三世大学,西班牙,
拉曼查大学,西班牙,
科尔多瓦大学,西班牙,
德乌斯托大学,西班牙,
哈恩大学,西班牙,
拉斯帕尔马斯大学,西班牙,
马拉加大学,西班牙,
穆尔西亚大学,西班牙,
巴勃罗大学,西班牙,
瓦伦西亚理工大学,西班牙,
胡安卡洛斯国王大学,西班牙,
塞维利亚大学,西班牙,
马德里理工大学,西班牙,
维戈大学,西班牙,
萨拉戈萨大学,西班牙,
阿尔梅里亚大学,西班牙,
布尔戈斯大学,西班牙,
卡塔赫纳理工大学,西班牙,
列昂大学,西班牙,
巴利亚多利德大学,西班牙,
河内科技大学,越南,
河内国立大学,越南,
胡志明国立大学,越南,
费尔哈特·阿巴斯塞提夫大学,阿尔及利亚,
贝贾亚大学,阿尔及利亚,
比斯克拉大学,阿尔及利亚,
康斯坦丁大学,阿尔及利亚,
玻美第丝布加拉穆罕默德大学,阿尔及利亚,
胡阿里·布迈丁科技大学,阿尔及利亚,
奥兰·穆罕默德·布迪亚夫科技大学,阿尔及利亚,
特莱姆森大学,阿尔及利亚,
苏丹卡布斯大学,阿曼,
国立科尔多瓦大学,阿根廷,
库约国立大学,阿根廷,
圣马丁国立大学,阿根廷,
国立南方大学,阿根廷,
阿联酋大学,阿联酋,
哈里发大学,阿联酋,
沙迦大学,阿联酋,
沙迦美国大学,阿联酋,
香港大学,香港,
香港科技大学,香港,
香港中文大学,香港,
香港城市大学,香港,
香港理工大学,香港,
香港浸会大学,香港,
马来亚大学,马来西亚,
东姑阿都拉曼大学,马来西亚,
马来西亚国民大学,马来西亚,
马来西亚玻璃市大学,马来西亚,
马来西亚博特拉大学,马来西亚,
马来西亚理科大学,马来西亚,
马来西亚理工大学,马来西亚,
马来西亚石油大学,马来西亚,
马来西亚国家能源大学,马来西亚,
马来西亚北方大学,马来西亚,
沙捞越大学,马来西亚,
马来西亚多媒体大学,马来西亚,
玛拉工艺大学,马来西亚,
马耳他大学,马耳他,
贝鲁特美国大学,黎巴嫩,
黎巴嫩美国大学,黎巴嫩,
黎巴嫩圣约瑟夫大学,黎巴嫩,
黑山大学,黑山,
墨西哥自治都会大学,墨西哥,
蒙特雷理工学院,墨西哥,
墨西哥国立自治大学,墨西哥,
下加利福尼亚自治大学,墨西哥,
伊达尔戈州立大学,墨西哥,
新莱昂自治大学,墨西哥,
普埃布拉自治大学,墨西哥,
克雷塔罗自治大学,墨西哥,
圣路易斯波托西自治大学,墨西哥,
锡那罗亚自治大学,墨西哥,
墨西哥州立自治大学,墨西哥,
尤卡坦自治大学,墨西哥,
瓜达拉哈拉大学,墨西哥,
瓜纳华托大学,墨西哥,
米哈卡恩圣尼古拉斯大学,墨西哥,
墨西哥国立理工大学,墨西哥,
索诺拉大学,墨西哥,