1,����
2,���
3,�Ϻ�
4,����
5,�Ϸ�
6,����
7,����
8,����
9,����
10,����
11,����
12,����ɽ
13,�ߺ�
14,ͭ��
15,����
16,��ɽ
17,����
18,����
19,����
20,����
21,����
22,����
23,�쳤
24,ͩ��
25,����
26,����
27,����
28,����
29,��ƽ
30,����
31,����
32,Ȫ��
33,����
34,����
35,����
36,����
37,����
38,����
39,����ɽ
40,���
41,����
42,����
43,ʯʨ
44,����
45,�ϰ�
46,����
47,��ƽ
48,����
49,����
50,����
51,������
52,���
53,����
54,��ˮ
55,��Ȫ
56,��Ҵ
57,����
58,����
59,ƽ��
60,����
61,¤��
62,����
63,�ػ�
64,����
65,����
66,����
67,����
68,��Զ
69,�ع�
70,��Դ
71,÷��
72,����
73,��ͷ
74,����
75,��β
76,����
77,��ݸ
78,�麣
79,��ɽ
80,����
81,��ɽ
82,����
83,�Ƹ�
84,����
85,ï��
86,տ��
87,�ӻ�
88,����
89,Ӣ��
90,����
91,�ֲ�
92,����
93,����
94,����
95,½��
96,��ƽ
97,̨ɽ
98,��ƽ
99,��ɽ
100,��Ҫ
101,�Ļ�
102,�޶�
103,����
104,����
105,����
106,����
107,�⴨
108,����
109,����
110,����
111,����ˮ
112,����
113,��˳
114,�Ͻ�
115,ͭ��
116,����
117,��ˮ
118,�ʻ�
119,����
120,����
121,����
122,��Ȫ
123,ʯ��ׯ
124,����
125,��ɽ
126,����
127,�ػʵ�
128,��̨
129,�żҿ�
130,�е�
131,����
132,�ȷ�
133,��ˮ
134,����
135,޻��
136,����
137,����
138,¹Ȫ
139,��
140,Ǩ��
141,����
142,����
143,����
144,����
145,����
146,�߱���
147,��ͷ
148,����
149,����
150,�Ӽ�
151,����
152,����
153,�Ϲ�
154,ɳ��
155,�䰲
156,������
157,�������
158,�ں�
159,����
160,����
161,�׸�
162,��ľ˹
163,˫Ѽɽ
164,��̨��
165,����
166,ĵ����
167,�绯
168,˫��
169,��־
170,�峣
171,����
172,ګ��
173,����
174,�������
175,����
176,ͬ��
177,����
178,����
179,��ɽ
180,��Һ�
181,����
182,����
183,����
184,�ض�
185,����
186,֣��
187,����
188,����
189,ƽ��ɽ
190,����
191,�ױ�
192,����
193,����
194,���
195,����
196,���
197,����Ͽ
198,����
199,����
200,�ܿ�
201,פ����
202,����
203,��Դ
204,����
205,����
206,����
207,����
208,����
209,��֣
210,�Ƿ�
211,����
212,��ʦ
213,����
214,����
215,����
216,����
217,����
218,����
219,����
220,���
221,����
222,�鱦
223,���
224,�人
225,ʮ��
226,�差
227,����
228,Т��
229,�Ƹ�
230,����
231,��ʯ
232,����
233,����
234,�˲�
235,����
236,����
237,����
238,Ǳ��
239,������
240,�Ϻӿ�
241,����
242,�˳�
243,����
244,����
245,Ӧ��
246,��½
247,��ˮ
248,���
249,��Ѩ
250,��ұ
251,���
252,ʯ��
253,���
254,����
255,�˶�
256,֦��
257,����
258,��ʩ
259,����
260,��ɳ
261,����
262,�żҽ�
263,����
264,����
265,����
266,����
267,��̶
268,����
269,����
270,����
271,����
272,¦��
273,����
274,����
275,���
276,����
277,�佭
278,����
279,����
280,����
281,����
282,��ɽ
283,����
284,���
285,�齭
286,��ˮ��
287,��Դ
288,����
289,����
290,������
291,�׳�
292,��ԭ
293,��ƽ
294,��Դ
295,ͨ��
296,��ɽ
297,�»�
298,��̨
299,����
300,��ʯ
301,�Ժ�
302,���
303,����
304,���
305,��
306,˫��
307,������
308,÷�ӿ�
309,����
310,�ٽ�
311,�Ӽ�
312,ͼ��
313,�ػ�
314,����
315,����
316,����
317,�ϲ�
318,�Ž�
319,������
320,ӥ̶
321,����
322,Ƽ��
323,����
324,����
325,����
326,�˴�
327,����
328,���
329,��ƽ
330,���
331,�Ͽ�
332,����
333,���
334,����
335,�߰�
336,����ɽ
337,��Ϫ
338,�Ͼ�
339,����
340,���Ƹ�
341,��Ǩ
342,����
343,�γ�
344,����
345,̩��
346,��ͨ
347,��
348,����
349,����
350,����
351,����
352,����
353,����
354,����
355,��̳
356,����
357,����
358,�żҸ�
359,̫��
360,��ɽ
361,�⽭
362,���
363,����
364,����
365,���
366,��̨
367,����
368,����
369,����
370,����
371,����
372,�˻�
373,����
374,̩��
375,����
376,����
377,����
378,����
379,����
380,����
381,��˳
382,��Ϫ
383,����
384,��ɽ
385,����
386,Ӫ��
387,�̽�
388,����
389,��«��
390,����
391,�߷���
392,������
393,ׯ��
394,��Ʊ
395,��Դ
396,����ɽ
397,��ԭ
398,����
399,����
400,���
401,����
402,��ʯ��
403,����
404,�躣
405,����
406,�˳�
407,����
408,�ൺ
409,�ĳ�
410,����
411,��Ӫ
412,�Ͳ�
413,Ϋ��
414,��̨
415,����
416,����
417,����
418,��ׯ
419,����
420,̩��
421,����
422,����
423,����
424,����
425,����
426,����
427,��ī
428,ƽ��
429,����
430,����
431,����
432,����
433,����
434,����
435,����
436,����
437,���
438,�ٹ�
439,��ϼ
440,����
441,����
442,����
443,����
444,����
445,��Զ
446,�ĵ�
447,�ٳ�
448,��ɽ
449,����
450,����
451,����
452,�޳�
453,��̩
454,�ʳ�
455,����
456,�Ӱ�
457,ͭ��
458,μ��
459,����
460,����
461,����
462,����
463,����
464,����
465,����
466,����
467,��ƽ
468,̫ԭ
469,��ͬ
470,˷��
471,��Ȫ
472,����
473,����
474,����
475,����
476,����
477,�ٷ�
478,�˳�
479,�Ž�
480,º��
481,��ƽ
482,ԭƽ
483,Т��
484,����
485,����
486,����
487,����
488,����
489,�ӽ�
490,�ɶ�
491,��Ԫ
492,����
493,����
494,�ϳ�
495,�㰲
496,����
497,�ڽ�
498,��ɽ
499,�Թ�
500,����
501,�˱�
502,��֦��
503,����
504,����
505,����
506,üɽ
507,�Ű�
508,����
509,����
510,������
511,����
512,����
513,ʲ��
514,�㺺
515,����
516,����
517,����
518,��üɽ
519,��Դ
520,����
521,����
522,����
523,����
524,��Ϫ
525,����
526,��ͨ
527,˼é
528,�ٲ�
529,��ɽ
530,����
531,����
532,â��
533,����
534,����
535,����
536,����
537,��Զ
538,����
539,����
540,����
541,����
542,����
543,��ɽ
544,����
545,����
546,��
547,̨��
548,����
549,��ˮ
550,�ٰ�
551,����
552,����
553,��Ϫ
554,��Ҧ
555,�
556,ƽ��
557,����
558,ͩ��
559,����
560,����
561,����
562,��ɽ
563,��Ϫ
564,����
565,����
566,����
567,�ٺ�
568,����
569,��
570,����
571,��Ȫ
572,����
573,���ľ
574,�����
575,������
576,������
577,�Ĳ���
578,������
579,������
580,������
581,������
582,��ָɽ��
583,����
584,����
585,����
586,����
587,���
588,����
589,����
590,����
591,���Ǹ�
592,����
593,��ɫ
594,�ӳ�
595,����
596,����
597,�Ϫ
598,��ƽ
599,����
600,����
601,ƾ��
602,����
603,��ɽ
604,���ͺ���
605,��ͷ
606,�ں�
607,���
608,���ױ���
609,ͨ��
610,�����첼
611,������˹
612,�����׶�
613,������
614,������
615,����ʯ
616,����
617,�������
618,��������
619,����ɽ
620,���ֹ���
621,���ֺ���
622,��������
623,����
624,����
625,ʯ��ɽ
626,����
627,����
628,��ԭ
629,����
630,��ͭϿ
631,����
632,�տ���
633,��³ľ��
634,��������
635,ʯ����
636,������
637,ͼľ���
638,�����
639,����
640,��ʲ
641,������
642,����
643,��³��
644,����
645,��ͼʲ
646,����
647,����
648,����
649,��Ȫ
650,�����
651,����
652,����
653,����
654,����
655,����̩
656,���
657,����
658,̨����
659,�±���
660,��԰��
661,̨����
662,̨����
663,������
664,��¡��
665,������
666,������
