�����У�92����,
1,������ѧ
2,�й������ѧ
3,�廪��ѧ
4,������ͨ��ѧ
5,������ҵ��ѧ
6,�������պ����ѧ
7,����������ѧ
8,�����Ƽ���ѧ
9,������ҵ��ѧ
10,����������ѧ
11,�������̴�ѧ
12,������װѧԺ
13,�����ʵ��ѧ
14,����ӡˢѧԺ
15,����������ѧ
16,����ʯ�ͻ���ѧԺ
17,�������ӿƼ�ѧԺ
18,�й�ũҵ��ѧ
19,����ũѧԺ
20,������ҵ��ѧ
21,����Э��ҽѧԺ
22,�׶�ҽ�ƴ�ѧ
23,������ҽҩ��ѧ
24,����ʦ����ѧ
25,�׶�ʦ����ѧ
26,�׶�����ѧԺ
27,����������ѧ
28,�����ڶ������ѧԺ
29,�������Դ�ѧ
30,�й���ý��ѧ
31,����ƾ���ѧ
32,���⾭��ó�״�ѧ
33,��������ѧԺ
34,�׶�����ó�״�ѧ
35,�⽻ѧԺ
36,�й����񹫰���ѧ
37,���ʹ�ϵѧԺ
38,����������ѧ
39,��������ѧԺ
40,�й�����ѧԺ
41,��������ѧԺ
42,����Ϸ��ѧԺ
43,�й�Ϸ��ѧԺ
44,������ӰѧԺ
45,�����赸ѧԺ
46,���������ѧ
47,�й�������ѧ
48,����������ѧ
49,�л�Ů��ѧԺ
50,������Ϣ�Ƽ���ѧ
51,�й���ҵ��ѧ��������
52,�й�ʯ�ʹ�ѧ��������
53,�й����ʴ�ѧ��������
54,�������ϴ�ѧ
55,��������ѧԺ
56,�й���������ѧԺ
57,�׸ֹ�ѧԺ
58,�й��Ͷ���ϵѧԺ
59,��������ѧԺ
60,�׶�ʦ����ѧ�Ƶ�ѧԺ
61,�������̴�ѧ�λ�ѧԺ
62,�����ʵ��ѧ����ѧԺ
63,������ҵ��ѧ����ѧԺ
64,��������ѧԺ
65,�����ڶ������ѧԺ����Ƶ����ѧԺ
66,�й���ѧԺ��ѧ
67,�й�����ѧԺ��ѧ
68,������ҵְҵ����ѧԺ
69,������Ϣְҵ����ѧԺ
70,�������ӿƼ�ְҵѧԺ
71,��������ְҵ����ѧԺ
72,������ְͨҵ����ѧԺ
73,������������ѧԺ
74,����ũҵְҵѧԺ
75,��������ְҵѧԺ
76,������óְҵѧԺ
77,"��������������ְҵ����
ѧԺ"
78,������óְҵѧԺ
79,�������ü���ְҵѧԺ
80,����Ϸ������ְҵѧԺ
81,�������ְҵѧԺ
82,�����Ƽ���Ӫ����ѧԺ
83,�����Ƽ�ְҵѧԺ
84,��������ְҵѧԺ
85,�������ù���ְҵѧԺ
86,�����Ͷ�����ְҵѧԺ
87,����������ְҵѧԺ
88,����������ýְҵѧԺ
89,��������ְҵѧԺ
90,������ͨ����ְҵѧԺ
91,��������ְҵѧԺ
92,��������ְҵѧԺ
����У�57����,
93,�Ͽ���ѧ
94,����ѧ
95,���Ƽ���ѧ
96,���ҵ��ѧ
97,�й��񺽴�ѧ
98,���������ѧ
99,���ũѧԺ
100,���ҽ�ƴ�ѧ
101,�����ҽҩ��ѧ
102,���ʦ����ѧ
103,���ְҵ����ʦ����ѧ
104,���������ѧ
105,�����ҵ��ѧ
106,���ƾ���ѧ
107,�������ѧԺ
108,�������ѧԺ
109,�������ѧԺ
110,���ǽ���ѧ
111,�����ʨѧԺ
112,����е�Ӧ�ü�����ѧ
113,���������ѧ��������ѧԺ
114,"�������ѧԺ�˶����Ļ�����
ѧԺ"
115,�����ҵ��ѧ����ѧԺ
116,���ҽ�ƴ�ѧ�ٴ�ҽѧԺ
117,�Ͽ���ѧ����ѧԺ
118,���ʦ����ѧ���ѧԺ
119,���������ѧ�л���ϢѧԺ
120,�����Ƽ���ѧ���ѧԺ
121,����ѧ�ʰ�ѧԺ
122,���ƾ���ѧ�齭ѧԺ
123,�����ְҵ��ѧ
124,������ְҵѧԺ
125,��򹤳�ְҵ����ѧԺ
126,�������ְҵѧԺ
127,��򲳺�ְҵ����ѧԺ
128,��������Ϣְҵ����ѧԺ
129,������ְҵ����ѧԺ
130,����ִ�ְҵ����ѧԺ
131,��򹫰�����ְҵѧԺ
132,����Ṥְҵ����ѧԺ
133,�������ְҵѧԺ
134,��������Դ�ͷ���ְҵѧԺ
135,���ҽѧ�ߵ�ר��ѧУ
136,��򿪷���ְҵ����ѧԺ
137,�������ְҵѧԺ
138,���ְͨҵѧԺ
139,���ұ��ְҵ����ѧԺ
140,���ʯ��ְҵ����ѧԺ
141,������ְҵѧԺ
142,�������ְҵ����ѧԺ
143,���������ְҵѧԺ
144,"�����н������ְҵ����
ѧԺ"
145,������﹤��ְҵ����ѧԺ
146,�����ְҵѧԺ
147,���㲥Ӱ��ְҵѧԺ
148,�������ְҵѧԺ
149,��������������ְҵѧԺ
�ӱ�ʡ��121����,
150,�ӱ���ѧ
151,�ӱ����̴�ѧ
152,�ӱ����ʴ�ѧ
153,�ӱ���ҵ��ѧ
154,����������ѧ
155,�ӱ��Ƽ���ѧ
156,�ӱ���������ѧԺ
157,�ӱ�ˮ������ѧԺ
158,�ӱ�ũҵ��ѧ
159,�ӱ�ҽ�ƴ�ѧ
160,�ӱ�����ѧԺ
161,�е�ҽѧԺ
162,�ӱ�ʦ����ѧ
163,����ѧԺ
164,�ӱ�����ʦ��ѧԺ
165,��ɽʦ��ѧԺ
166,�ȷ�ʦ��ѧԺ
167,��ˮѧԺ
168,ʯ��ׯѧԺ
169,����ѧԺ
170,��̨ѧԺ
171,����ʦ��ѧԺ
172,ʯ��ׯ������ѧ
173,��ɽ��ѧ
174,�ӱ��Ƽ�ʦ��ѧԺ
175,��ɽѧԺ
176,�����Ƽ�ѧԺ
177,�й�������װ���첿��ѧԺ
178,�ӱ�����ѧԺ
179,�ӱ�����ѧԺ
180,�������칤ҵѧԺ
181,���ֿƼ�ѧԺ
182,�ӱ���ó��ѧ
183,����˾������ѧԺ
184,�ӱ���ýѧԺ
185,�ӱ����̼���ѧԺ
186,�ӱ�����ѧԺ
187,�ӱ��Ƽ�ѧԺ
188,�ӱ������ѧԺ
189,�ӱ���ѧ����ѧԺ
190,����������ѧ�ṤѧԺ
191,�ӱ��Ƽ���ѧ����ѧԺ
192,�ӱ�ʦ����ѧ�㻪ѧԺ
193,�ӱ���ó��ѧ���ù���ѧԺ
194,�ӱ�ҽ�ƴ�ѧ�ٴ�ѧԺ
195,����������ѧ�Ƽ�ѧԺ
196,�ӱ����̴�ѧ����ѧԺ
197,�ӱ���ҵ��ѧ����ѧԺ
198,��ɽ��ѧ����ѧԺ
199,ʯ��ׯ������ѧ�ķ�ѧԺ
200,�ӱ����ʴ�ѧ����ѧԺ
201,�ӱ�ũҵ��ѧ�ִ��Ƽ�ѧԺ
202,����������ѧ����ѧԺ
203,�й����ʴ�ѧ����ѧԺ
204,�ྩ����ѧԺ
205,������ҽҩ��ѧ����ѧԺ
206,������ͨ��ѧ����ѧԺ
207,�ӱ�����ѧԺ
208,�ӱ���ҽѧԺ
209,�żҿ�ѧԺ
210,�ӱ���������ѧԺ
211,�ӱ���ҵְҵ����ѧԺ
212,����ְҵ����ѧԺ
213,ʯ��ׯְҵ����ѧԺ
214,�żҿ�ְҵ����ѧԺ
215,�е�ʯ�͸ߵ�ר��ѧУ
216,��ְ̨ҵ����ѧԺ
217,�ӱ�����ְҵ����ѧԺ
218,�ӱ�ʯ��ְҵ����ѧԺ
219,�ӱ�����ְҵ����ѧԺ
220,�ӱ�����ְҵѧԺ
221,����ְҵ����ѧԺ
222,�ӱ���Դְҵ����ѧԺ
223,ʯ��ׯ��·ְҵ����ѧԺ
224,����ְҵ����ѧԺ
225,�ػʵ�ְҵ����ѧԺ
226,ʯ��ׯ����ְҵѧԺ
227,ʯ��ׯ���о���ְҵѧԺ
228,��ɽְҵ����ѧԺ
229,��ˮְҵ����ѧԺ
230,��ɽ��ҵְҵ����ѧԺ
231,��̨ҽѧ�ߵ�ר��ѧУ
232,�ӱ�ʡ����ְҵѧԺ
233,�ӱ�����ְҵѧԺ
234,ʯ��ׯ�ƾ�ְҵѧԺ
235,�ӱ���ְͨҵ����ѧԺ
236,�ӱ�����ҽҩְҵ����ѧԺ
237,ʯ��ׯ��Ϣ����ְҵѧԺ
238,�ӱ����⾭óְҵѧԺ
239,��������ְҵ����ѧԺ
240,�ӱ�����ְҵ����ѧԺ
241,����ʯ��ְҵѧԺ
242,�ȷ�ְҵ����ѧԺ
243,��ɽ�Ƽ�ְҵ����ѧԺ
244,ʯ��ׯ�ʵ�ְҵ����ѧԺ
245,�ӱ���������ְҵѧԺ
246,ʯ��ׯ����ְҵѧԺ
247,ʯ��ׯ����ְҵѧԺ
248,ʯ��ׯ�Ƽ���ϢְҵѧԺ
249,�ӱ�˾������ְҵѧԺ
250,����ҽѧ�ߵ�ר��ѧУ
251,�ӱ�Ů��ְҵ����ѧԺ
252,ʯ��ׯҽѧ�ߵ�ר��ѧУ
253,ʯ��ׯ����ְҵѧԺ
254,����ְҵѧԺ
255,ʯ��ׯ����ҽѧ�ߵ�ר��ѧУ
256,ʯ��ׯ�Ƽ�����ְҵѧԺ
257,�ӱ��Ͷ���ϵְҵѧԺ
258,ʯ��ׯ�Ƽ�ְҵѧԺ
259,��ͷְҵѧԺ
260,�����Ƽ�ְҵѧԺ
261,�ȷ��ྩְҵ����ѧԺ
262,�е»���ְҵѧԺ
263,ʯ��ׯ�׶�ʦ���ߵ�ר��ѧУ
264,�ȷ�����ְҵѧԺ
265,�ӱ��������ְҵ����ѧԺ
266,�����׶�ʦ���ߵ�ר��ѧУ
267,�ӱ���������ְҵѧԺ
268,��������ְҵѧԺ
269,��ɽ�׶�ʦ���ߵ�ר��ѧУ
270,������ְҵ����ѧԺ
ɽ��ʡ��80����,
271,ɽ����ѧ
272,̫ԭ�Ƽ���ѧ
273,�б���ѧ
274,̫ԭ������ѧ
275,ɽ��ũҵ��ѧ
276,ɽ��ҽ�ƴ�ѧ
277,����ҽѧԺ
278,ɽ��ʦ����ѧ
279,̫ԭʦ��ѧԺ
280,ɽ����ͬ��ѧ
281,����ѧԺ
282,����ѧԺ
283,�˳�ѧԺ
284,����ʦ��ѧԺ
285,ɽ���ƾ���ѧ
286,ɽ����ҽҩ��ѧ
287,����ѧԺ
288,̫ԭѧԺ
289,ɽ������ѧԺ
290,ɽ��Ӧ�ÿƼ�ѧԺ
291,ɽ����ѧ����ѧԺ
292,̫ԭ������ѧ�ִ��Ƽ�ѧԺ
293,ɽ��ũҵ��ѧ��ϢѧԺ
294,ɽ��ʦ����ѧ�ִ�����ѧԺ
295,�б���ѧ��Ϣ����ѧԺ
296,̫ԭ�Ƽ���ѧ����ѧԺ
297,ɽ��ҽ�ƴ�ѧ����ѧԺ
298,ɽ���ƾ���ѧ����ѧԺ
299,ɽ������ѧԺ
300,̫ԭ��ҵѧԺ
301,ɽ����ýѧԺ
302,ɽ�����̼���ѧԺ
303,ɽ����ԴѧԺ
304,ɽ��ʡ����˰��ר��ѧУ
305,����ְҵ����ѧԺ
306,ɽ������ְҵѧԺ
307,����ְҵ����ѧԺ
308,ɽ������ְҵ����ѧԺ
309,ɽ��ҩ��ְҵѧԺ
310,ɽ������ְҵ����ѧԺ
311,ɽ����ְͨҵ����ѧԺ
312,��ͬúְ̿ҵ����ѧԺ
313,ɽ������ְҵ����ѧԺ
314,ɽ��Ϸ��ְҵѧԺ
315,ɽ����óְҵ����ѧԺ
316,ɽ����ҵְҵ����ѧԺ
317,ɽ��ˮ��ְҵ����ѧԺ
318,��Ȫְҵ����ѧԺ
319,�ٷ�ְҵ����ѧԺ
320,ɽ��ְҵ����ѧԺ
321,ɽ��úְ̿ҵ����ѧԺ
322,ɽ������ְҵѧԺ
323,̫ԭ����ְҵ����ѧԺ
324,ɽ����Ϣְҵ����ѧԺ
325,ɽ������ְҵѧԺ
326,ɽ������ְҵѧԺ
327,ɽ����������ְҵѧԺ
328,º��ְҵ����ѧԺ
329,̫ԭ����ְҵѧԺ
330,ɽ������ְҵѧԺ
331,ɽ������ְҵѧԺ
332,ɽ������ְҵ����ѧԺ
333,����ְҵ����ѧԺ
334,ɽ��ͬ��ְҵ����ѧԺ
335,����ְҵ����ѧԺ
336,ɽ��������óְҵѧԺ
337,ɽ���˳�ũҵְҵ����ѧԺ
338,�˳��׶�ʦ���ߵ�ר��ѧУ
339,ɽ������ְҵ����ѧԺ
340,ɽ����óְҵѧԺ
341,˷��ְҵ����ѧԺ
342,�˳�ְҵ����ѧԺ
343,ɽ���Ṥְҵ����ѧԺ
344,����ʦ���ߵ�ר��ѧУ
345,��Ȫʦ���ߵ�ר��ѧУ
346,ɽ������ְҵѧԺ
347,�˳ǻ���ְҵѧԺ
348,�˳�ʦ���ߵ�ר��ѧУ
349,˷��ʦ���ߵ�ר��ѧУ
350,����ְҵ����ѧԺ
���ɹ���������53����,
351,���ɹŴ�ѧ
352,���ɹſƼ���ѧ
353,���ɹŹ�ҵ��ѧ
354,���ɹ�ũҵ��ѧ
355,���ɹ�ҽ�ƴ�ѧ
356,���ɹ�ʦ����ѧ
357,���ɹ������ѧ
358,���ѧԺ
359,���ɹŲƾ���ѧ
360,���ױ���ѧԺ
361,����ʦ��ѧԺ
362,����ѧԺ
363,���ͺ�������ѧԺ
364,���ɹŴ�ѧ��ҵѧԺ
365,���ɹ�ʦ����ѧ���ѧԺ
366,���ɹ�����ѧԺ
367,������˹Ӧ�ü���ѧԺ
368,���ɹŽ���ְҵ����ѧԺ
369,���ɹŷ���ְҵѧԺ
370,��ͷְҵ����ѧԺ
371,�˰�ְҵ����ѧԺ
372,���ͺ���ְҵѧԺ
373,��ͷ�Ṥְҵ����ѧԺ
374,���ɹŵ�����Ϣְҵ����ѧԺ
375,���ɹŻ���ְҵ����ѧԺ
376,���ɹŻ���ְҵѧԺ
377,���ɹ���óְҵѧԺ
378,���ֹ���ְҵѧԺ
379,���ɹž���ְҵѧԺ
380,���ɹ�����ְҵѧԺ
381,�����첼ְҵѧԺ
382,ͨ��ְҵѧԺ
383,�ƶ�������ְҵѧԺ
384,���ɹŽ�ְͨҵ����ѧԺ
385,��ͷ����ְҵ����ѧԺ
386,�ں�ְҵ����ѧԺ
387,���ɹſƼ�ְҵѧԺ
388,���ɹű���ְҵ����ѧԺ
389,���ְҵ����ѧԺ
390,���ɹž�ó����ְҵѧԺ
391,��ͷ����ְҵ����ѧԺ
392,�����첼ҽѧ�ߵ�ר��ѧУ
393,������˹ְҵѧԺ
394,���ɹŹ�ҵְҵѧԺ
395,���ױ���ְҵ����ѧԺ
396,���������ְҵѧԺ
397,���ɹ���ԴְҵѧԺ
398,��幤ҵְҵ����ѧԺ
399,������ְҵ����ѧԺ
400,���ɹ�����ְҵѧԺ
401,"���ɹ������׶�ʦ��
�ߵ�ר��ѧУ"
402,������˹��̬����ְҵѧԺ
403,������ְҵѧԺ
����ʡ��115����,
404,������ѧ
405,����������ѧ
406,������ҵ��ѧ
407,�������պ����ѧ
408,����������ѧ
409,������ѧ
410,�����Ƽ���ѧ
411,�������̼�����ѧ
412,����ʯ�ͻ�����ѧ
413,����������ѧ
414,������ͨ��ѧ
415,�������´�ѧ
416,������ҵ��ѧ
417,����������ѧ
418,������ҵ��ѧ
419,����ũҵ��ѧ
420,���������ѧ
421,�й�ҽ�ƴ�ѧ
422,����ҽ�ƴ�ѧ
423,����ҽ�ƴ�ѧ
424,������ҽҩ��ѧ
425,����ҩ�ƴ�ѧ
426,����ҽѧԺ
427,����ʦ����ѧ
428,����ʦ����ѧ
429,������ѧ
430,��ɽʦ��ѧԺ
431,����������ѧ
432,�����ƾ���ѧ
433,�й����¾���ѧԺ
434,��������ѧԺ
435,��������ѧԺ
436,³Ѹ����ѧԺ
437,�������⾭óѧԺ
438,������ѧ
439,������ѧ
440,�����Ƽ�ѧԺ
441,��������ѧԺ
442,��������ѧԺ
443,�ɶ�ѧԺ
444,���������ѧ
445,����������ѧ����ѧԺ
446,������ҵ��ѧ����ѧԺ
447,"�������պ����ѧ�����Ƽ�
ѧԺ"
448,������ѧԺ
449,"������ҵ��ѧ��������Ϣ����
ѧԺ"
450,�����Ƽ�ѧԺ
451,�������н���ѧԺ
452,�й�ҽ�ƴ�ѧ�ٴ�ҽҩѧԺ
453,����ҽ�ƴ�ѧ��ɽѧԺ
454,����ҽ�ƴ�ѧҽ��ѧԺ
455,����ʦ����ѧ����ѧԺ
456,��������ѧԺ
457,�����ƾ�ѧԺ
458,��������ѧԺ
459,"����ʯ�ͻ�����ѧ˳����Դ
ѧԺ"
460,��������ѧԺ
461,������ҽҩ��ѧ����ѧԺ
462,��������ҽѧԺ
463,�����Ƽ�ѧԺ
464,����������ϢѧԺ
465,������óѧԺ
466,������ýѧԺ
467,Ӫ������ѧԺ
468,����ʦ���ߵ�ר��ѧУ
469,��˳ʦ���ߵ�ר��ѧУ
470,����ʦ���ߵ�ר��ѧУ
471,Ӫ��ְҵ����ѧԺ
472,����ʦ���ߵ�ר��ѧУ
473,����ְҵ����ѧԺ
474,����ũҵְҵ����ѧԺ
475,��˳ְҵ����ѧԺ
476,����ְҵ����ѧԺ
477,���¸ߵ�ר��ѧУ
478,����ʡ��ͨ�ߵ�ר��ѧУ
479,����˰��ߵ�ר��ѧУ
480,�̽�ְҵ����ѧԺ
481,��������ְҵ����ѧԺ
482,���������˶�ְҵ����ѧԺ
483,����ְҵѧԺ
484,������ҵְҵ����ѧԺ
485,����ְҵ����ѧԺ
486,��������ְҵѧԺ
487,��������ְҵѧԺ
488,��������ְҵѧԺ
489,���������ְͨҵѧԺ
490,�������ְҵѧԺ
491,��������ְҵ����ѧԺ
492,��������ְҵ����ѧԺ
493,����ʯ��ְҵ����ѧԺ
494,��������ְҵѧԺ
495,��������ְҵѧԺ
496,��������ְҵѧԺ
497,������óְҵѧԺ
498,������Ҷְҵ����ѧԺ
499,����װ������ְҵ����ѧԺ
500,�ɺ�ʯ��ְҵ����ѧԺ
501,�������ʹ���ְҵѧԺ
502,��������ְҵ����ѧԺ
503,��������ְҵѧԺ
504,��������ְҵ����ѧԺ
505,����װ������ְҵ����ѧԺ
506,��������ְҵ����ѧԺ
507,�����ִ�����ְҵ����ѧԺ
508,����ұ��ְҵ����ѧԺ
509,��������ְҵѧԺ
510,�������н���ְҵ����ѧԺ
511,����ҽҩְҵѧԺ
512,��������ְҵѧԺ
513,����������Ϣְҵ����ѧԺ
514,��������ְҵѧԺ
515,��������ʦ���ߵ�ר��ѧУ
516,�����ṤְҵѧԺ
517,����ˮ��ְҵѧԺ
518,"�����������ʦ���ߵ�ר��
ѧУ"
����ʡ��62����,
519,���ִ�ѧ
520,�ӱߴ�ѧ
521,����������ѧ
522,����������ѧ
523,������ҵ��ѧ
524,���ֽ�����ѧ
525,���ֻ���ѧԺ
526,����ũҵ��ѧ
527,������ҽҩ��ѧ
528,����ʦ����ѧ
529,������ѧ
530,ͨ��ʦ��ѧԺ
531,����ʦ����ѧ
532,���ֹ��̼���ʦ��ѧԺ
533,����ʦ����ѧ
534,�׳�ʦ��ѧԺ
535,���ֲƾ���ѧ
536,��������ѧԺ
537,��������ѧԺ
538,���ֻ��������ѧԺ
539,���ֹ���ѧԺ
540,��������ѧԺ
541,����ũҵ�Ƽ�ѧԺ
542,���־���ѧԺ
543,������ѧ
544,�����⻪ѧԺ
545,������ҵ��ѧ������ϢѧԺ
546,����������ѧ�����ϢѧԺ
547,�����ƾ�ѧԺ
548,���ֽ�����ѧ�ǽ�ѧԺ
549,��������ѧԺ
550,�����Ƽ�ѧԺ
551,���ֶ���ѧԺ
552,����ʦ����ѧ����ѧԺ
553,������ѧ����ѧԺ
554,����ʦ����ѧ����ѧԺ
555,����ҽҩѧԺ
556,����ʦ���ߵ�ר��ѧУ
557,��Դְҵ����ѧԺ
558,��ƽְҵ��ѧ
559,����������ҵ�ߵ�ר��ѧУ
560,�������ڸߵ�ר��ѧУ
561,����ҽѧ�ߵ�ר��ѧУ
562,���ֽ�ְͨҵ����ѧԺ
563,��������ְҵѧԺ
564,����˾������ְҵѧԺ
565,���ֵ�����Ϣְҵ����ѧԺ
566,���ֹ�ҵְҵ����ѧԺ
567,���ֹ���ְҵѧԺ
568,����ְҵ����ѧԺ
569,�׳�ҽѧ�ߵ�ר��ѧУ
570,������Ϣ����ְҵѧԺ
571,��ԭְҵ����ѧԺ
572,��������ְҵ����ѧԺ
573,�׳�ְҵ����ѧԺ
574,����ɽְҵ����ѧԺ
575,���ֿƼ�ְҵ����ѧԺ
576,�ӱ�ְҵ����ѧԺ
577,���ֳ���ְҵ����ѧԺ
578,����ְҵ����ѧԺ
579,����ˮ������ְҵѧԺ
580,��������ְҵѧԺ
������ʡ��81����,
581,��������ѧ
582,��������ҵ��ѧ
583,������������ѧ
584,���������̴�ѧ
585,�������Ƽ���ѧ
586,����ʯ�ʹ�ѧ
587,��ľ˹��ѧ
588,��������һũ�Ѵ�ѧ
589,����ũҵ��ѧ
590,������ҵ��ѧ
591,������ҽ�ƴ�ѧ
592,��������ҽҩ��ѧ
593,ĵ����ҽѧԺ
594,������ʦ����ѧ
595,���������ѧ
596,ĵ����ʦ��ѧԺ
597,������ѧԺ
598,����ʦ��ѧԺ
599,�绯ѧԺ
600,��������ҵ��ѧ
601,����������ѧԺ
602,����������ѧԺ
603,�������ҽѧԺ
604,��������ҵѧԺ
605,����������ѧԺ
606,��������Ϣ����ѧԺ
607,����������ѧԺ
608,�����������ѧԺ
609,�����������ѧԺ
610,�������ƾ�ѧԺ
611,������ʯ��ѧԺ
612,����������ѧԺ
613,������Զ������ѧԺ
614,����������ѧԺ
615,����������ѧԺ��������ѧԺ
616,����������ѧԺ
617,����������ѧԺ
618,�ں�ѧԺ
619,����������ѧԺ
620,��������ߵ�ʦ��ר��ѧУ
621,����ְҵѧԺ
622,ĵ������ѧ
623,������ְҵѧԺ
624,����������ְҵ����ѧԺ
625,����������ְҵѧԺ
626,����ְҵѧԺ
627,��������ҵְҵ����ѧԺ
628,������ũҵְҵ����ѧԺ
629,������ũҵ����ְҵѧԺ
630,������ũ��ְҵѧԺ
631,������˾������ְҵѧԺ
632,�׸�ʦ���ߵ�ר��ѧУ
633,����������ְҵ����ѧԺ
634,����������ְҵ����ѧԺ
635,���˰���ְҵѧԺ
636,������ũҵ����ְҵѧԺ
637,������ְҵ����ѧԺ
638,��������ýְҵѧԺ
639,����������Ƽ�ְҵѧԺ
640,��������ҵְҵѧԺ
641,��������������ְҵѧԺ
642,��������Ϣ����ְҵѧԺ
643,����������ְҵѧԺ
644,������ũ�ѿƼ�ְҵѧԺ
645,����������ְҵ����ѧԺ
646,��������������ְҵѧԺ
647,��������̬����ְҵѧԺ
648,��������ԴְҵѧԺ
649,��̨��ְҵѧԺ
650,����������ְҵѧԺ
651,����ҽѧ�ߵ�ר��ѧУ
652,��������ְͨҵ����ѧԺ
653,������Ӧ��ְҵ����ѧԺ
654,�������׶�ʦ���ߵ�ר��ѧУ
655,��������ѧ����ְҵѧԺ
656,��������ʳְҵѧԺ
657,��ľ˹ְҵѧԺ
658,�����������ߵ�ר��ѧУ
659,�����������ְҵѧԺ
660,�������׶�ʦ���ߵ�ר��ѧУ
661,��������ѩ����ְҵѧԺ
�Ϻ��У�64����,
662,������ѧ
663,ͬ�ô�ѧ
664,�Ϻ���ͨ��ѧ
665,����������ѧ
666,�Ϻ�������ѧ
667,�Ϻ����´�ѧ
668,������ѧ
669,�Ϻ�����ѧԺ
670,�Ϻ�Ӧ�ü�����ѧ
671,�Ϻ�����ҽѧԺ
672,�Ϻ������ѧ
673,�Ϻ���ҽҩ��ѧ
674,����ʦ����ѧ
675,�Ϻ�ʦ����ѧ
676,�Ϻ�������ѧ
677,�Ϻ��ƾ���ѧ
678,�Ϻ����⾭ó��ѧ
679,�Ϻ�����ѧԺ
680,����������ѧ
681,�Ϻ�����ѧԺ
682,�Ϻ�����ѧԺ
683,�Ϻ�Ϸ��ѧԺ
684,�Ϻ���ѧ
685,�Ϻ�����ѧԺ
686,�Ϻ����̼�����ѧ
687,�Ϻ����Ż�ƽ���ѧԺ
688,�Ϻ����ѧԺ
689,�Ϻ�ɼ��ѧԺ
690,�Ϻ�����ѧԺ
691,�Ϻ��ڶ���ҵ��ѧ
692,�Ϻ���ѧԺ
693,�Ϻ�����ѧԺ
694,�Ϻ���ΰѧԺ
695,�Ϻ��Ӿ�����ѧԺ
696,"�Ϻ�������ѧ�ʹﾭ������
ѧԺ"
697,�Ϻ�ʦ����ѧ�컪ѧԺ
698,�Ϻ��Ƽ���ѧ
699,�Ϻ�ŦԼ��ѧ
700,�Ϻ����θߵ�ר��ѧУ
701,�Ϻ�����ְҵ����ѧԺ
702,�Ϻ�����ְҵ����ѧԺ
703,�Ϻ�����ӡˢ�ߵ�ר��ѧУ
704,�Ϻ��н�ְҵѧԺ
705,�Ϻ��ǽ�ְҵѧԺ
706,�Ϻ���ְͨҵ����ѧԺ
707,�Ϻ�����ְҵ����ѧԺ
708,�Ϻ�������Ϣְҵ����ѧԺ
709,�Ϻ���ְҵѧԺ
710,�Ϻ���Զְҵ����ѧԺ
711,�Ϻ�ŷ��ְҵ����ѧԺ
712,�Ϻ�˼��ְҵ����ѧԺ
713,�Ϻ�����ְҵ����ѧԺ
714,�Ϻ���������ְҵѧԺ
715,�Ϻ��ù�ְҵ����ѧԺ
716,�Ϻ����������ְҵѧԺ
717,�Ϻ���ѧ����ְҵѧԺ
718,�Ϻ�ũ��ְҵ����ѧԺ
719,�Ϻ����ְҵ����ѧԺ
720,�Ϻ�����ְҵ����ѧԺ
721,�Ϻ���Ӱ����ְҵѧԺ
722,�Ϻ��л�ְҵ����ѧԺ
723,�Ϻ��������ְҵѧԺ
724,�Ϻ�����ְҵѧԺ
725,�Ϻ���ְҵ����ѧԺ
����ʡ��167����,
726,�Ͼ���ѧ
727,���ݴ�ѧ
728,���ϴ�ѧ
729,�Ͼ����պ����ѧ
730,�Ͼ�������ѧ
731,���տƼ���ѧ
732,�й���ҵ��ѧ
733,�Ͼ���ҵ��ѧ
734,���ݴ�ѧ
735,�Ͼ��ʵ��ѧ
736,�Ӻ���ѧ
737,���ϴ�ѧ
738,�Ͼ���ҵ��ѧ
739,���մ�ѧ
740,�Ͼ���Ϣ���̴�ѧ
741,��ͨ��ѧ
742,�γǹ�ѧԺ
743,�Ͼ�ũҵ��ѧ
744,�Ͼ�ҽ�ƴ�ѧ
745,����ҽ�ƴ�ѧ
746,�Ͼ���ҽҩ��ѧ
747,�й�ҩ�ƴ�ѧ
748,�Ͼ�ʦ����ѧ
749,����ʦ����ѧ
750,����ʦ��ѧԺ
751,�γ�ʦ��ѧԺ
752,�Ͼ��ƾ���ѧ
753,���վ���ѧԺ
754,�Ͼ�����ѧԺ
755,�Ͼ�����ѧԺ
756,���ݿƼ���ѧ
757,��������ѧԺ
758,������ѧԺ
759,���ݹ�ѧԺ
760,���ݴ�ѧ
761,����ѧԺ
762,�Ͼ�����ѧԺ
763,�Ͼ���ƴ�ѧ
764,�Ͼ���ׯѧԺ
765,��������ѧԺ
766,������ѧԺ
767,���ݹ���ѧԺ
768,�Ͼ��������ʦ��ѧԺ
769,��ͨ����ѧԺ
770,�Ͼ�ɭ�־���ѧԺ
771,���ϴ�ѧ����ѧԺ
772,̩��ѧԺ
773,����̫��ѧԺ
774,����Ƽ�ѧԺ
775,�й���ҵ��ѧ�캣ѧԺ
776,�Ͼ���ѧ����ѧԺ
777,�Ͼ�������ѧ�Ͻ�ѧԺ
778,�Ͼ����պ����ѧ���ѧԺ
779,�й���ý��ѧ�Ϲ�ѧԺ
780,�Ͼ�������ѧ̩�ݿƼ�ѧԺ
781,�Ͼ�ʦ����ѧ̩��ѧԺ
782,�Ͼ���ҵ��ѧ�ֽ�ѧԺ
783,�Ͼ�ʦ����ѧ�б�ѧԺ
784,�Ͼ�ҽ�ƴ�ѧ����ѧԺ
785,�Ͼ���ҽҩ��ѧ����ѧԺ
786,�Ͼ���Ϣ���̴�ѧ����ѧԺ
787,���ݴ�ѧ����ѧԺ
788,���ݴ�ѧӦ�ü���ѧԺ
789,���ݿƼ���ѧ��ƽѧԺ
790,���մ�ѧ����ѧԺ
791,���ݴ�ѧ����ѧԺ
792,����ʦ����ѧ����ѧԺ
793,�Ͼ��ʵ��ѧͨ��ѧԺ
794,�Ͼ��ƾ���ѧ��ɽѧԺ
795,���տƼ���ѧ��������ѧԺ
796,���ݴ�ѧ����ѧԺ
797,��ͨ��ѧ����ѧԺ
798,�Ͼ���ƴ�ѧ����ѧԺ
799,��ǨѧԺ
800,���յڶ�ʦ��ѧԺ
801,���������ִ�ѧ
802,��ɽ�ſ˴�ѧ
803,�γ��׶�ʦ���ߵ�ר��ѧУ
804,�����׶�ʦ���ߵ�ר��ѧУ
805,����ְҵ����ѧԺ
806,����ְҵ����ѧԺ
807,���ս���ְҵ����ѧԺ
808,�Ͼ���ҵְҵ����ѧԺ
809,���չ���ְҵ����ѧԺ
810,���ݹ�������ְҵ����ѧԺ
811,���Ƹ�ְҵ����ѧԺ
812,���иߵ�ר��ѧУ
813,��ְͨҵ��ѧ
814,����ְҵ��ѧ
815,ɳ��ְҵ��ѧԺ
816,������ְҵ��ѧ
817,���Ƹ�ʦ���ߵ�ר��ѧУ
818,���վ�óְҵ����ѧԺ
819,����ְҵ����ѧԺ
820,���ְҵ����ѧԺ
821,̩��ְҵ����ѧԺ
822,������Ϣְҵ����ѧԺ
823,��������ְҵ����ѧԺ
824,���պ���ְҵ����ѧԺ
825,Ӧ��ְҵ����ѧԺ
826,�����Ƽ�ְҵѧԺ
827,����ҽҩְҵѧԺ
828,���ݻ�����Դְҵ����ѧԺ
829,��ͨ�Ƽ�ְҵѧԺ
830,���ݾ�óְҵ����ѧԺ
831,���ݹ�ҵְҵ����ѧԺ
832,����������Ϣְҵ����ѧԺ
833,��������ְҵ����ѧԺ
834,������ҵְҵ����ѧԺ
835,��ͨ����ְҵ����ѧԺ
836,�Ͼ���ְͨҵ����ѧԺ
837,������Ϣְҵ����ѧԺ
838,����ũ���Ƽ�ְҵѧԺ
839,���ݷ�֯��װְҵ����ѧԺ
840,����ũҵְҵ����ѧԺ
841,���ݹ�ҵ԰��ְҵ����ѧԺ
842,̫������ְҵ����ѧԺ
843,�׻�ְҵ����ѧԺ
844,�Ͼ��Ƽ�ְҵѧԺ
845,����ְҵ����ѧԺ
846,��ɽְҵ����ѧԺ
847,��������ְҵ����ѧԺ
848,����Ӱ������ְҵѧԺ
849,���ְҵ����ѧԺ
850,�����Ṥְҵ����ѧԺ
851,���ݹ���ְҵ����ѧԺ
852,����ũ��ְҵ����ѧԺ
853,����ʳƷҩƷְҵ����ѧԺ
854,����ְҵ����ѧԺ
855,�Ͼ�����ְҵ����ѧԺ
856,���ݹ�ҵְҵ����ѧԺ
857,������Ϣְҵ����ѧԺ
858,��Ǩְҵ����ѧԺ
859,�Ͼ���Ϣְҵ����ѧԺ
860,����ְҵ����ѧԺ
861,���ݻ���ְҵ����ѧԺ
862,����ְҵ����ѧԺ
863,��������ְҵ����ѧԺ
864,��������ְҵ����ѧԺ
865,��ɽְҵ����ѧԺ
866,���ݽ���ְҵ����ѧԺ
867,�γǹ�ҵְҵ����ѧԺ
868,���ղƾ�ְҵ����ѧԺ
869,���ݹ�ҵְҵ����ѧԺ
870,���ݰ���ְҵѧԺ
871,��ɽ���ƿƼ�ְҵѧԺ
872,�Ͼ��Ӿ�����ְҵѧԺ
873,���ճ���ְҵѧԺ
874,�Ͼ�����ְҵѧԺ
875,�Ͼ�����ְҵ����ѧԺ
876,���ݸ߲���������ְҵѧԺ
877,�Ͼ�����ְҵѧԺ
878,������������ְҵѧԺ
879,������Ϣְҵ����ѧԺ
880,��Ǩ���ְҵ����ѧԺ
881,"���ݹ�ҵ԰���������
ְҵѧԺ"
882,�����׶�ʦ���ߵ�ר��ѧУ
883,�������﹤��ְҵ����ѧԺ
884,������óְҵѧԺ
885,��ͨʦ���ߵ�ר��ѧУ
886,��������Ƶ�ְҵѧԺ
887,���ջ���ְҵѧԺ
888,���ղƻ�ְҵѧԺ
889,���ճ��罨��ְҵѧԺ
890,���պ���ְҵ����ѧԺ
891,���հ�ȫ����ְҵѧԺ
892,��������ְҵѧԺ
�㽭ʡ��107����,
893,�㽭��ѧ
894,���ݵ��ӿƼ���ѧ
895,�㽭��ҵ��ѧ
896,�㽭������ѧ
897,�㽭�����ѧ
898,�㽭ũ�ִ�ѧ
899,����ҽ�ƴ�ѧ
900,�㽭��ҽҩ��ѧ
901,�㽭ʦ����ѧ
902,����ʦ����ѧ
903,����ʦ��ѧԺ
904,��������ѧԺ
905,̨��ѧԺ
906,���ݴ�ѧ
907,��ˮѧԺ
908,�㽭���̴�ѧ
909,����ѧԺ
910,�й�����ѧԺ
911,�й�������ѧ
912,��������ѧԺ
913,�㽭����ѧԺ
914,�㽭�Ƽ�ѧԺ
915,��������ѧԺ
916,�㽭ˮ��ˮ��ѧԺ
917,�㽭�ƾ���ѧ
918,�㽭����ѧԺ
919,����ѧԺ
920,������ѧ
921,�㽭��ýѧԺ
922,�㽭����ѧԺ
923,�㽭Խ�������ѧԺ
924,�������ӥѧԺ
925,�㽭��ѧ����ѧԺ
926,�㽭��ѧ��������ѧԺ
927,����ҽѧԺ
928,�㽭��ҵ��ѧ֮��ѧԺ
929,�㽭ʦ����ѧ��֪ѧԺ
930,������ѧ��ѧ����ѧԺ
931,"���ݵ��ӿƼ���ѧ��Ϣ����
ѧԺ"
932,"�㽭������ѧ�Ƽ�������
ѧԺ"
933,"�㽭�����ѧ������ѧ����
ѧԺ"
934,�㽭ũ�ִ�ѧ����ѧԺ
935,����ҽ�ƴ�ѧ�ʼ�ѧԺ
936,�㽭��ҽҩ��ѧ����ѧԺ
937,����ʦ����ѧǮ��ѧԺ
938,����ʦ��ѧԺ����ѧԺ
939,��������ѧԺԪ��ѧԺ
940,���ݴ�ѧ걽�ѧԺ
941,�㽭���̴�ѧ������ѧԺ
942,����ѧԺ�Ϻ�ѧԺ
943,�й�������ѧ�ִ��Ƽ�ѧԺ
944,�㽭�ƾ���ѧ����ѧԺ
945,������ѧԺ
946,ͬ�ô�ѧ�㽭ѧԺ
947,�Ϻ��ƾ���ѧ�㽭ѧԺ
948,�㽭�����ѧԺ
949,�㽭����ѧԺ
950,����ŵ������ѧ
951,���ݿ϶���ѧ
952,����ְҵ����ѧԺ
953,����ְҵ����ѧԺ
954,�㽭��ְͨҵ����ѧԺ
955,��ְҵ����ѧԺ
956,��������ְҵ����ѧԺ
957,�㽭����ְҵ����ѧԺ
958,�㽭ͬ�ÿƼ�ְҵѧԺ
959,�㽭����ְҵ����ѧԺ
960,̨��ְҵ����ѧԺ
961,�㽭��óְҵ����ѧԺ
962,�㽭ҽҩ�ߵ�ר��ѧУ
963,�㽭����ְҵ����ѧԺ
964,�㽭����ְҵ����ѧԺ
965,�㽭����ְҵѧԺ
966,�㽭��óְҵ����ѧԺ
967,�㽭��ҵְҵ����ѧԺ
968,�㽭����ְҵ����ѧԺ
969,�㽭����ְҵѧԺ
970,�㽭��Ӣְҵ����ѧԺ
971,�㽭����ְҵѧԺ
972,�㽭����ְҵѧԺ
973,�㽭��ҵְҵ����ѧԺ
974,����ְҵ����ѧԺ
975,����ְҵ����ѧԺ
976,����ְҵ����ѧԺ
977,����ְҵ����ѧԺ
978,����ְҵ����ѧԺ
979,��ˮְҵ����ѧԺ
980,�㽭����ְҵ����ѧԺ
981,���ڹ���ְҵ����ѧԺ
982,�㽭��֯��װְҵ����ѧԺ
983,���ݿƼ�ְҵ����ѧԺ
984,�㽭����ְҵ����ѧԺ
985,��������ְҵ����ѧԺ
986,�㽭���ý���ְҵ����ѧԺ
987,��������ְҵ����ѧԺ
988,�㽭�ʵ�ְҵ����ѧԺ
989,��������ְҵ����ѧԺ
990,̨�ݿƼ�ְҵѧԺ
991,�㽭���ʺ���ְҵ����ѧԺ
992,�㽭����ְҵ����ѧԺ
993,���ݿƼ�ְҵѧԺ
994,�㽭����ְҵ����ѧԺ
995,�㽭���Ӱ��ְҵѧԺ
996,�㽭ũҵ��óְҵѧԺ
997,�㽭�������ְҵѧԺ
998,�㽭����ְҵ����ѧԺ
999,"�㽭��ɽȺ�����������뽡��
ְҵѧԺ"
����ʡ��119����,
1000,���մ�ѧ
1001,�й���ѧ������ѧ
1002,�Ϸʹ�ҵ��ѧ
1003,���չ�ҵ��ѧ
1004,����������ѧ
1005,���չ��̴�ѧ
1006,����ũҵ��ѧ
1007,����ҽ�ƴ�ѧ
1008,����ҽѧԺ
1009,����ҽѧԺ
1010,������ҽҩ��ѧ
1011,����ʦ����ѧ
1012,����ʦ��ѧԺ
1013,����ʦ����ѧ
1014,����ʦ����ѧ
1015,��ɽѧԺ
1016,����ѧԺ
1017,����ѧԺ
1018,���ղƾ���ѧ
1019,����ѧԺ
1020,����ѧԺ
1021,����ʦ��ѧԺ
1022,ͭ��ѧԺ
1023,���ս�����ѧ
1024,���տƼ�ѧԺ
1025,��������ѧԺ
1026,�Ϸ�ѧԺ
1027,����ѧԺ
1028,����ѧԺ
1029,�����»�ѧԺ
1030,�����Ĵ���Ϣ����ѧԺ
1031,����ѧԺ
1032,���������ѧԺ
1033,���ղƾ���ѧ��ѧԺ
1034,���մ�ѧ����ѧԺ
1035,������Ϣ����ѧԺ
1036,���չ�ҵ��ѧ����ѧԺ
1037,���ս�����ѧ���н���ѧԺ
1038,����ũҵ��ѧ���ü���ѧԺ
1039,����ʦ����ѧ�ѧԺ
1040,����ҽ�ƴ�ѧ�ٴ�ҽѧԺ
1041,����ʦ��ѧԺ��Ϣ����ѧԺ
1042,����ʦ����ѧ��ϢѧԺ
1043,�Ϸ�ʦ��ѧԺ
1044,�Ӻ���ѧ����ѧԺ
1045,����ְҵ����ѧԺ
1046,����ְҵ����ѧԺ
1047,�ߺ�ְҵ����ѧԺ
1048,�������ϴ�ѧ
1049,������óְҵ����ѧԺ
1050,����ˮ��ˮ��ְҵ����ѧԺ
1051,����ְҵ����ѧԺ
1052,ͭ��ְҵ����ѧԺ
1053,����򲩿Ƽ�ְҵѧԺ
1054,���վ���ְҵѧԺ
1055,����ְҵ����ѧԺ
1056,���չ�ҵ����ְҵ����ѧԺ
1057,�Ϸ�ͨ��ְҵ����ѧԺ
1058,���չ�óְҵ����ѧԺ
1059,����ְҵ����ѧԺ
1060,����ְҵ����ѧԺ
1061,���յ�����Ϣְҵ����ѧԺ
1062,���Ϸʾ��ü���ְҵѧԺ
1063,���ս�ְͨҵ����ѧԺ
1064,���������˶�ְҵ����ѧԺ
1065,������ҽҩ�ߵ�ר��ѧУ
1066,����ҽѧ�ߵ�ר��ѧУ
1067,�Ϸ�ְҵ����ѧԺ
1068,����ְҵ����ѧԺ
1069,����ְҵ����ѧԺ
1070,����ְҵ����ѧԺ
1071,���չ㲥Ӱ��ְҵ����ѧԺ
1072,���Ϸʱ���ְҵ����ѧԺ
1073,���յ�������ְҵ����ѧԺ
1074,����ұ��Ƽ�ְҵѧԺ
1075,���ճ��й���ְҵѧԺ
1076,���ջ���ְҵ����ѧԺ
1077,���չ���ְҵѧԺ
1078,�����аĿƼ�ְҵѧԺ
1079,�����Ƽ�ְҵѧԺ
1080,����ְҵ����ѧԺ
1081,���չ����Ƽ�ְҵѧԺ
1082,����ְҵ����ѧԺ
1083,��������ְҵѧԺ
1084,����ɽʦ���ߵ�ר��ѧУ
1085,���ղ�óְҵѧԺ
1086,���չ�������ְҵѧԺ
1087,���չ���ְҵѧԺ
1088,������ҵְҵ����ѧԺ
1089,�������ְҵѧԺ
1090,�������ų���ְҵ����ѧԺ
1091,�����ʵ�ְҵ����ѧԺ
1092,���չ�ҵְҵ����ѧԺ
1093,���Ϸʲƾ�ְҵѧԺ
1094,����ҽҩ�ߵ�ר��ѧУ
1095,�������⾭��ְҵѧԺ
1096,�����̺�����ְҵѧԺ
1097,�Ϸʹ���ְҵ����ѧԺ
1098,�������ü���ְҵѧԺ
1099,��찲������ְҵѧԺ
1100,����ְҵѧԺ
1101,����ɽְҵ����ѧԺ
1102,�����ִ���Ϣ����ְҵѧԺ
1103,���տ�ҵְҵ����ѧԺ
1104,�Ϸ���Ϣ����ְҵѧԺ
1105,ͩ��ʦ���ߵ�ר��ѧУ
1106,��ɽְҵ����ѧԺ
1107,���ݳ���ְҵѧԺ
1108,��������ְҵ����ѧԺ
1109,��������ְҵѧԺ
1110,�Ϸ��׶�ʦ���ߵ�ר��ѧУ
1111,���ճ���ְҵѧԺ
1112,��������ְҵ����ѧԺ
1113,���ջ�÷Ϸ����ְҵѧԺ
1114,������ʳ����ְҵѧԺ
1115,������������ְҵѧԺ
1116,�ϷʿƼ�ְҵѧԺ
1117,�����ְҵѧԺ
1118,�����׶�ʦ���ߵ�ר��ѧУ
����ʡ��89����,
1119,���Ŵ�ѧ
1120,���ȴ�ѧ
1121,���ݴ�ѧ
1122,��������ѧԺ
1123,����ũ�ִ�ѧ
1124,������ѧ
1125,����ҽ�ƴ�ѧ
1126,������ҽҩ��ѧ
1127,����ʦ����ѧ
1128,����ѧԺ
1129,����ѧԺ
1130,����ʦ��ѧԺ
1131,Ȫ��ʦ��ѧԺ
1132,����ʦ����ѧ
1133,��������ѧԺ
1134,����ѧԺ
1135,����ѧԺ
1136,������ѧԺ
1137,��������ѧԺ
1138,����ѧԺ
1139,������ѧ
1140,����ҽѧԺ
1141,���Ż���ѧԺ
1142,��������ѧԺ
1143,����ʦ����ѧ���ϿƼ�ѧԺ
1144,����ũ�ִ�ѧ����ѧԺ
1145,���Ź�ѧԺ
1146,����ѧԺ
1147,���Ŵ�ѧ�θ�ѧԺ
1148,���ݴ�ѧ����ѧԺ
1149,������ѧ����ѧԺ
1150,����ʦ����ѧЭ��ѧԺ
1151,����������óѧԺ
1152,��������ѧԺ
1153,Ȫ����Ϣ����ѧԺ
1154,��������ѧԺ
1155,����ũ�ִ�ѧ��ɽѧԺ
1156,����������ְͨҵѧԺ
1157,����ְҵ����ѧԺ
1158,����ְҵ����ѧԺ
1159,����ְҵ��ѧ
1160,��������Ů��ְҵѧԺ
1161,����ְҵ����ѧԺ
1162,������ҵְҵ����ѧԺ
1163,������Ϣְҵ����ѧԺ
1164,����ˮ������ְҵ����ѧԺ
1165,��������ְҵ����ѧԺ
1166,���ź���ְҵ����ѧԺ
1167,����ũҵְҵ����ѧԺ
1168,��������ְҵ����ѧԺ
1169,Ȫ��ҽѧ�ߵ�ר��ѧУ
1170,����Ӣ��ְҵѧԺ
1171,Ȫ�ݷ�֯��װְҵѧԺ
1172,Ȫ�ݻ���ְҵѧԺ
1173,Ȫ������ְҵѧԺ
1174,��������ְҵѧԺ
1175,����ְҵ����ѧԺ
1176,��������ְҵ����ѧԺ
1177,��������ְҵѧԺ
1178,���Ż�������ְҵ����ѧԺ
1179,���ݿƼ�ְҵ����ѧԺ
1180,Ȫ�ݾ�óְҵ����ѧԺ
1181,"�������⾭��ó��
ְҵ����ѧԺ"
1182,������ְҵ����ѧԺ
1183,�������﹤��ְҵ����ѧԺ
1184,��������ְҵѧԺ
1185,�����׶�ʦ���ߵ�ר��ѧУ
1186,���ų���ְҵѧԺ
1187,Ȫ�ݹ�������ְҵѧԺ
1188,����ҽѧ�Ƽ�ְҵѧԺ
1189,����ְҵ����ѧԺ
1190,��������ְҵ����ѧԺ
1191,�����˲�ְҵ����ѧԺ
1192,��������ְҵ����ѧԺ
1193,��������ְҵ����ѧԺ
1194,���ݳ���ְҵѧԺ
1195,��������ְҵѧԺ
1196,���Ŷ���ְҵ����ѧԺ
1197,���ݿƼ�ְҵѧԺ
1198,��������ְҵѧԺ
1199,����ɽְҵѧԺ
1200,��������ְҵѧԺ
1201,Ȫ�ݺ���ְҵѧԺ
1202,Ȫ���ṤְҵѧԺ
1203,���Ű����Ƽ�ְҵѧԺ
1204,Ȫ���׶�ʦ���ߵ�ר��ѧУ
1205,����ʦ���ߵ�ר��ѧУ
1206,Ȫ�ݹ���ְҵ����ѧԺ
1207,����ī��������ְҵѧԺ
����ʡ��100����,
1208,�ϲ���ѧ
1209,������ͨ��ѧ
1210,����������ѧ
1211,�ϲ����մ�ѧ
1212,����������ѧ
1213,�������մɴ�ѧ
1214,����ũҵ��ѧ
1215,������ҽҩ��ѧ
1216,����ҽѧԺ
1217,����ʦ����ѧ
1218,����ʦ��ѧԺ
1219,�˴�ѧԺ
1220,����ʦ����ѧ
1221,����ɽ��ѧ
1222,�����ƾ���ѧ
1223,�����Ƽ�ѧԺ
1224,������ѧԺ
1225,Ƽ��ѧԺ
1226,�����Ƽ�ʦ����ѧ
1227,�ϲ�����ѧԺ
1228,��������ѧԺ
1229,����ѧԺ
1230,�Ž�ѧԺ
1231,��������ѧԺ
1232,�ϲ�����ѧԺ
1233,����Ӧ�ÿƼ�ѧԺ
1234,������װѧԺ
1235,�ϲ���ѧԺ
1236,�ϲ���ѧ��ѧ����ѧԺ
1237,�ϲ���ѧ����ѧԺ
1238,������ͨ��ѧ����ѧԺ
1239,����������ѧ����ѧԺ
1240,�ϲ����մ�ѧ�Ƽ�ѧԺ
1241,����������ѧӦ�ÿ�ѧѧԺ
1242,�������մɴ�ѧ�Ƽ�����ѧԺ
1243,����ũҵ��ѧ�ϲ���ѧԺ
1244,������ҽҩ��ѧ�Ƽ�ѧԺ
1245,����ʦ����ѧ��ѧ����ѧԺ
1246,����ʦ����ѧ�Ƽ�ѧԺ
1247,�����Ƽ�ʦ����ѧ����ѧԺ
1248,"�����ƾ���ѧ�ִ����ù���
ѧԺ"
1249,ԥ��ʦ��ѧԺ
1250,�ϲ�ʦ��ѧԺ
1251,�����׶�ʦ���ߵ�ר��ѧУ
1252,�����׶�ʦ���ߵ�ר��ѧУ
1253,������ҵְҵ����ѧԺ
1254,����ҽѧ�ߵ�ר��ѧУ
1255,�Ž�ְҵ��ѧ
1256,�Ž�ְҵ����ѧԺ
1257,����˾������ְҵѧԺ
1258,"�����մɹ�������ְҵ����
ѧԺ"
1259,����������óְҵѧԺ
1260,��������ְҵ����ѧԺ
1261,������������ְҵѧԺ
1262,��������ְҵѧԺ
1263,ӥ̶ְҵ����ѧԺ
1264,������ϢӦ��ְҵ����ѧԺ
1265,������ְͨҵ����ѧԺ
1266,�����ƾ�ְҵѧԺ
1267,����Ӧ�ü���ְҵѧԺ
1268,�����ִ�ְҵ����ѧԺ
1269,������ҵ����ְҵ����ѧԺ
1270,��������ְҵ����ѧԺ
1271,�����Ƽ�ְҵѧԺ
1272,�ϲ�ְҵѧԺ
1273,����������óְҵѧԺ
1274,������ҵó��ְҵ����ѧԺ
1275,�˴�ְҵ����ѧԺ
1276,����Ӧ�ù���ְҵѧԺ
1277,��������Ƽ�ְҵѧԺ
1278,��������ְҵ����ѧԺ
1279,����ְҵ����ѧԺ
1280,������ҽҩ�ߵ�ר��ѧУ
1281,�����ȷ�����ְҵ����ѧԺ
1282,�������ù���ְҵѧԺ
1283,��������ְҵ����ѧԺ
1284,��������ְҵѧԺ
1285,��������ְҵѧԺ
1286,����ְҵ����ѧԺ
1287,��������ְҵ����ѧԺ
1288,����ũҵ����ְҵѧԺ
1289,�����Ƽ�ְҵѧԺ
1290,��������ְҵѧԺ
1291,��������Դ�Ƽ�ְҵѧԺ
1292,�����������⾭óְҵѧԺ
1293,����̩������ְҵѧԺ
1294,����ұ��ְҵ����ѧԺ
1295,��������ְҵѧԺ
1296,������ýְҵѧԺ
1297,��������ְҵ����ѧԺ
1298,�������մ�ְҵ����ѧԺ
1299,����Ƽ�ְҵѧԺ
1300,����ʦ���ߵ�ר��ѧУ
1301,����ˮ��ְҵѧԺ
1302,�˴��׶�ʦ���ߵ�ר��ѧУ
1303,����ְҵ����ѧԺ
1304,��������ְҵѧԺ
1305,����ʦ���ߵ�ר��ѧУ
1306,�ϲ�Ӱ�Ӵ���ְҵѧԺ
1307,������������ְҵѧԺ
ɽ��ʡ��145����,
1308,ɽ����ѧ
1309,�й������ѧ
1310,ɽ���Ƽ���ѧ
1311,�й�ʯ�ʹ�ѧ��������
1312,�ൺ�Ƽ���ѧ
1313,���ϴ�ѧ
1314,�ൺ������ѧ
1315,ɽ��������ѧ
1316,��³��ҵ��ѧ
1317,ɽ��������ѧ
1318,ɽ��ũҵ��ѧ
1319,�ൺũҵ��ѧ
1320,Ϋ��ҽѧԺ
1321,̩ɽҽѧԺ
1322,����ҽѧԺ
1323,ɽ����ҽҩ��ѧ
1324,����ҽѧԺ
1325,ɽ��ʦ����ѧ
1326,����ʦ����ѧ
1327,�ĳǴ�ѧ
1328,����ѧԺ
1329,����ѧԺ
1330,³����ѧ
1331,���ʴ�ѧ
1332,̩ɽѧԺ
1333,����ѧԺ
1334,����ѧԺ
1335,ɽ���ƾ���ѧ
1336,ɽ������ѧԺ
1337,ɽ������ѧԺ
1338,��³ҽҩѧԺ
1339,�ൺ����ѧԺ
1340,��ׯѧԺ
1341,ɽ����������ѧԺ
1342,�ൺ��ѧ
1343,��̨��ѧ
1344,Ϋ��ѧԺ
1345,ɽ������ѧԺ
1346,ɽ����ͨѧԺ
1347,ɽ������ѧԺ
1348,ɽ��Ů��ѧԺ
1349,��̨��ɽѧԺ
1350,Ϋ���Ƽ�ѧԺ
1351,ɽ��Ӣ��ѧԺ
1352,�ൺ���ǿƼ�ѧԺ
1353,�ൺ�ƺ�ѧԺ
1354,ɽ���ִ�ѧԺ
1355,ɽ��Э��ѧԺ
1356,��̨��ѧ�ľ�ѧԺ
1357,�ĳǴ�ѧ����ѧԺ
1358,�ൺ������ѧ�ٵ�ѧԺ
1359,ɽ��ʦ����ѧ��ɽѧԺ
1360,ɽ���ƾ���ѧ��ɽѧԺ
1361,�й�ʯ�ʹ�ѧʤ��ѧԺ
1362,ɽ���Ƽ���ѧ̩ɽ�Ƽ�ѧԺ
1363,ɽ�����ѧԺ
1364,�ൺ��ѧԺ
1365,�ൺũҵ��ѧ����ѧԺ
1366,��³����ѧԺ
1367,ɽ���ƾ���ѧ����ѧԺ
1368,���ϴ�ѧȪ��ѧԺ
1369,ɽ������ѧԺ
1370,��³ʦ��ѧԺ
1371,ɽ����������ѧԺ
1372,"������ӰѧԺ�ִ�����ý��
ѧԺ"
1373,ɽ������ѧԺ
1374,ɽ��ũҵ����ѧԺ
1375,ɽ��ҽѧ�ߵ�ר��ѧУ
1376,����ҽѧר��ѧУ
1377,ɽ����ҵְҵ����ѧԺ
1378,ɽ�������ߵ�ר��ѧУ
1379,����ְҵ����ѧԺ
1380,����Զ��ְҵ����ѧԺ
1381,�ൺְҵ����ѧԺ
1382,����ְҵѧԺ
1383,ɽ��ְҵѧԺ
1384,ɽ���Ͷ�ְҵ����ѧԺ
1385,����ְҵ����ѧԺ
1386,����ְҵ����ѧԺ
1387,Ϋ��ְҵѧԺ
1388,��ְ̨ҵѧԺ
1389,��ӪְҵѧԺ
1390,�ĳ�ְҵ����ѧԺ
1391,����ְҵѧԺ
1392,ɽ���Ƽ�ְҵѧԺ
1393,ɽ����װְҵѧԺ
1394,���ݿƼ�ְҵѧԺ
1395,ɽ�������Ƽ�ְҵѧԺ
1396,ɽ��ʥ����óְҵѧԺ
1397,ɽ��ˮ��ְҵѧԺ
1398,ɽ��������ҽְҵѧԺ
1399,�ൺ����ְҵ����ѧԺ
1400,��Ӫ�Ƽ�ְҵѧԺ
1401,ɽ����ְͨҵѧԺ
1402,�Ͳ�ְҵѧԺ
1403,ɽ����óְҵѧԺ
1404,�ൺ�Ƶ����ְҵ����ѧԺ
1405,ɽ����Ϣְҵ����ѧԺ
1406,�ൺ����ְҵ����ѧԺ
1407,ɽ��ʤ��ְҵѧԺ
1408,ɽ����óְҵѧԺ
1409,ɽ����ҵְҵѧԺ
1410,ɽ������ְҵѧԺ
1411,�ൺ��ʵְҵ����ѧԺ
1412,����ְҵѧԺ
1413,��̨����ְҵ����ѧԺ
1414,ɽ�����ĿƼ�ְҵѧԺ
1415,ɽ�������ְҵѧԺ
1416,Ϋ������ְҵѧԺ
1417,����ְҵ����ѧԺ
1418,��ׯ�Ƽ�ְҵѧԺ
1419,�Ͳ�ʦ���ߵ�ר��ѧУ
1420,ɽ����ҽҩ�ߵ�ר��ѧУ
1421,���Ϲ���ְҵ����ѧԺ
1422,ɽ������ְҵ����ѧԺ
1423,ɽ������ְҵѧԺ
1424,ɽ����ҵְҵѧԺ
1425,ɽ�����ֿƼ�ְҵѧԺ
1426,̩ɽְҵ����ѧԺ
1427,ɽ�����·���ְҵѧԺ
1428,ɽ��ҩƷʳƷְҵѧԺ
1429,ɽ������ְҵѧԺ
1430,ɽ���ṤְҵѧԺ
1431,ɽ�����н���ְҵѧԺ
1432,��̨��������ְҵѧԺ
1433,ɽ��˾������ְҵѧԺ
1434,�������ְҵѧԺ
1435,ɽ����ýְҵѧԺ
1436,����ְҵѧԺ
1437,��ׯְҵѧԺ
1438,ɽ������ְҵѧԺ
1439,ɽ���Ļ���ҵְҵѧԺ
1440,�ൺԶ��ԱְҵѧԺ
1441,�����׶�ʦ���ߵ�ר��ѧУ
1442,���ϻ���ְҵѧԺ
1443,̩ɽ����ְҵѧԺ
1444,ɽ������ְҵѧԺ
1445,Ϋ������ְҵѧԺ
1446,Ϋ������ְҵѧԺ
1447,����ְҵѧԺ
1448,ɽ���������ְҵѧԺ
1449,��������ְҵѧԺ
1450,ɽ���������ְҵѧԺ
1451,��̨�ƽ�ְҵѧԺ
1452,���պ�������ְҵѧԺ
����ʡ��134����,
1453,����ˮ��ˮ���ѧ
1454,֣�ݴ�ѧ
1455,����������ѧ
1456,֣���ṤҵѧԺ
1457,���Ϲ�ҵ��ѧ
1458,���ϿƼ���ѧ
1459,��ԭ��ѧԺ
1460,����ũҵ��ѧ
1461,���ϿƼ�ѧԺ
1462,������ҵ����ѧԺ
1463,������ҽҩ��ѧ
1464,����ҽѧԺ
1465,���ϴ�ѧ
1466,����ʦ����ѧ
1467,����ʦ��ѧԺ
1468,�ܿ�ʦ��ѧԺ
1469,����ʦ��ѧԺ
1470,����ѧԺ
1471,����ʦ��ѧԺ
1472,����ʦ��ѧԺ
1473,����ʦ��ѧԺ
1474,���ϲƾ�������ѧ
1475,֣�ݺ��չ�ҵ����ѧԺ
1476,�ƻ�ѧԺ
1477,ƽ��ɽѧԺ
1478,֣�ݹ��̼���ѧԺ
1479,��������ѧԺ
1480,����ѧԺ
1481,����ũ��ѧԺ
1482,���Ϲ�ѧԺ
1483,������ѧԺ
1484,���Ϲ���ѧԺ
1485,���ϲ�������ѧԺ
1486,��������ѧԺ
1487,���ϳǽ�ѧԺ
1488,���Ͼ���ѧԺ
1489,�ƺӿƼ�ѧԺ
1490,��������ѧԺ
1491,֣�ݿƼ�ѧԺ
1492,֣�ݹ�ҵӦ�ü���ѧԺ
1493,֣��ʦ��ѧԺ
1494,֣�ݲƾ�ѧԺ
1495,�ƺӽ�ͨѧԺ
1496,����ѧԺ
1497,���ϴ�ѧ����ѧԺ
1498,����ʦ����ѧ����ѧԺ
1499,����ѧԺ
1500,����ѧԺ
1501,����ҽѧԺ��ȫѧԺ
1502,���ϿƼ�ѧԺ�¿�ѧԺ
1503,֣�ݹ���ѧԺ
1504,��ԭ��ѧԺ��Ϣ����ѧԺ
1505,����ѧԺ
1506,֣�ݳɹ��ƾ�ѧԺ
1507,֣�����ﾭó����ѧԺ
1508,����ְҵ����ѧԺ
1509,���ְҵ����ѧԺ
1510,����Ͽְҵ����ѧԺ
1511,֣����·ְҵ����ѧԺ
1512,�����ѧ
1513,������ѧ
1514,���ְҵ����ѧԺ
1515,֣�ݵ����ߵ�ר��ѧУ
1516,�ƺ�ˮ��ְҵ����ѧԺ
1517,����ְҵ����ѧԺ
1518,���Ϲ�ҵ����Ϣ��ְҵѧԺ
1519,����ˮ���뻷��ְҵѧԺ
1520,����ְҵ����ѧԺ
1521,ƽ��ɽ��ҵְҵ����ѧԺ
1522,�ܿ�ְҵ����ѧԺ
1523,��Դְҵ����ѧԺ
1524,����˾������ְҵѧԺ
1525,�ױ�ְҵ����ѧԺ
1526,���Ϲ�ҵְҵ����ѧԺ
1527,֣������ҽѧ�ߵ�ר��ѧУ
1528,����ʦ���ߵ�ר��ѧУ
1529,���ϼ��ְҵѧԺ
1530,������������ְҵѧԺ
1531,֣����Ϣ�Ƽ�ְҵѧԺ
1532,���ҽѧ�ߵ�ר��ѧУ
1533,����ҽѧ�ߵ�ר��ѧУ
1534,����ҽѧ�ߵ�ר��ѧУ
1535,֣�ݵ�����Ϣְҵ����ѧԺ
1536,����ְҵ����ѧԺ
1537,��ɽ��������ְҵѧԺ
1538,֣�ݹ�ҵ��ȫְҵѧԺ
1539,����ְҵѧԺ
1540,���Ͼ�óְҵѧԺ
1541,���Ͻ�ְͨҵ����ѧԺ
1542,����ũҵְҵѧԺ
1543,֣������ְҵѧԺ
1544,֣��ְҵ����ѧԺ
1545,������Ϣͳ��ְҵѧԺ
1546,������ҵְҵѧԺ
1547,���Ϲ�ҵó��ְҵѧԺ
1548,֣�ݵ���ְҵ����ѧԺ
1549,�ܿڿƼ�ְҵѧԺ
1550,���Ͻ���ְҵ����ѧԺ
1551,���ʳƷְҵѧԺ
1552,֣�ݳ���ְҵѧԺ
1553,����ְҵ����ѧԺ
1554,����ְҵ����ѧԺ
1555,פ����ְҵ����ѧԺ
1556,������óְҵѧԺ
1557,�����մ�ְҵѧԺ
1558,֣������ְҵѧԺ
1559,֣����Ϣ����ְҵѧԺ
1560,��ԫ���ְҵ����ѧԺ
1561,�����Ļ�����ְҵѧԺ
1562,����Ӧ�ü���ְҵѧԺ
1563,��������ְҵѧԺ
1564,���ϻ���ְҵѧԺ
1565,���ϻ���ְҵѧԺ
1566,��������ְҵѧԺ
1567,��������ְҵ����ѧԺ
1568,�ױ���������ְҵѧԺ
1569,����ְҵѧԺ
1570,֣����ó����ְҵѧԺ
1571,��������ְҵѧԺ
1572,����ְҵ����ѧԺ
1573,֣���׶�ʦ���ߵ�ר��ѧУ
1574,�����׶�ʦ���ߵ�ר��ѧУ
1575,֣�ݻƺӻ���ְҵѧԺ
1576,����ҽѧ�ߵ�ר��ѧУ
1577,֣�ݲ�˰����ְҵѧԺ
1578,����ũҵְҵѧԺ
1579,�����Ƽ�ְҵѧԺ
1580,�ױ���Դ����ְҵѧԺ
1581,ƽ��ɽ�Ļ�����ְҵѧԺ
1582,���ҽѧ�ߵ�ר��ѧУ
1583,פ�����׶�ʦ���ߵ�ר��ѧУ
1584,����Ͽ������ְҵѧԺ
1585,�����ṤְҵѧԺ
1586,���ϲ��ְҵѧԺ
����ʡ��129����,
1587,�人��ѧ
1588,���пƼ���ѧ
1589,�人�Ƽ���ѧ
1590,������ѧ
1591,�人���̴�ѧ
1592,�й����ʴ�ѧ���人��
1593,�人��֯��ѧ
1594,�人�Ṥ��ѧ
1595,�人������ѧ
1596,������ҵ��ѧ
1597,����ũҵ��ѧ
1598,������ҽҩ��ѧ
1599,����ʦ����ѧ
1600,������ѧ
1601,����ʦ����ѧ
1602,�Ƹ�ʦ��ѧԺ
1603,��������ѧԺ
1604,����ʦ��ѧԺ
1605,��������ѧԺ
1606,���ϲƾ�������ѧ
1607,�人����ѧԺ
1608,��������ѧԺ
1609,���������ѧ
1610,����������ҵѧԺ
1611,��������ѧԺ
1612,��������ѧԺ
1613,�����Ƽ�ѧԺ
1614,����ҽҩѧԺ
1615,������ѧ
1616,��Ͽ��ѧ
1617,��������ѧԺ
1618,��������ѧԺ
1619,�人����ѧԺ
1620,��������ѧԺ
1621,�人��ѧԺ
1622,�人����ѧԺ
1623,����ѧԺ
1624,�������ѧԺ
1625,�������ѧԺ
1626,�人���﹤��ѧԺ
1627,�人�紨ѧԺ
1628,������ѧ֪��ѧԺ
1629,�人�Ƽ���ѧ����ѧԺ
1630,��Ͽ��ѧ�Ƽ�ѧԺ
1631,������ѧ����ѧԺ
1632,������ҵ��ѧ���̼���ѧԺ
1633,"�人���̴�ѧ�ʵ�����Ϣ����
ѧԺ"
1634,�人��֯��ѧ�⾭óѧԺ
1635,�����ѧԺ
1636,�人����ѧԺ
1637,������ѧ���̼���ѧԺ
1638,������ѧ����ѧԺ
1639,������óѧԺ
1640,����������ҵѧԺ�Ƽ�ѧԺ
1641,����ҽҩѧԺҩ��ѧԺ
1642,��������ѧԺ�Ƽ�ѧԺ
1643,��������ѧԺ����ѧԺ
1644,�人����ѧԺ�����Ƽ�ѧԺ
1645,����ʦ����ѧ����ѧԺ
1646,��������ѧԺ����ѧԺ
1647,��������ѧԺ�¼���ѧԺ
1648,�Ļ�ѧԺ
1649,�人ѧԺ
1650,�人���̿Ƽ�ѧԺ
1651,�人��������ѧԺ
1652,�人��ýѧԺ
1653,�人��ƹ���ѧԺ
1654,�����ڶ�ʦ��ѧԺ
1655,�人ְҵ����ѧԺ
1656,�Ƹ�ְҵ����ѧԺ
1657,����ְҵѧԺ
1658,��������ְҵѧԺ
1659,������ҵְҵ����ѧԺ
1660,����ְҵ��ѧ
1661,�人����ְҵѧԺ
1662,����ְҵ����ѧԺ
1663,�人����ְҵ����ѧԺ
1664,��ʩְҵ����ѧԺ
1665,����ְҵ����ѧԺ
1666,�人��óְҵѧԺ
1667,����ְҵ����ѧԺ
1668,�人����ְҵ����ѧԺ
1669,����ְҵѧԺ
1670,�����Ṥְҵ����ѧԺ
1671,������ְͨҵ����ѧԺ
1672,������ҽҩ�ߵ�ר��ѧУ
1673,�人����ְҵ����ѧԺ
1674,�人��·ְҵ����ѧԺ
1675,�人��������ְҵѧԺ
1676,������Ͽְҵ����ѧԺ
1677,����ְҵ����ѧԺ
1678,�人����ְҵ����ѧԺ
1679,����ˮ��ˮ��ְҵ����ѧԺ
1680,�������н���ְҵ����ѧԺ
1681,�人����ְҵѧԺ
1682,��������Ƽ�ְҵѧԺ
1683,��������ְҵѧԺ
1684,�人�Ƽ�ְҵѧԺ
1685,�人��������ְҵѧԺ
1686,�人��Ϣ����ְҵ����ѧԺ
1687,���ְҵѧԺ
1688,�人��óְҵѧԺ
1689,��������ְҵѧԺ
1690,�人��ְͨҵѧԺ
1691,����ְҵ����ѧԺ
1692,��������ְҵ����ѧԺ
1693,��������ְҵѧԺ
1694,�人��ҵְҵ����ѧԺ
1695,�人����ְҵѧԺ
1696,����ְҵ����ѧԺ
1697,������˰ְҵѧԺ
1698,�ƸԿƼ�ְҵѧԺ
1699,����������ԴְҵѧԺ
1700,������̬����ְҵ����ѧԺ
1701,��Ͽ����ְҵѧԺ
1702,�����Ƽ�ְҵѧԺ
1703,��������ְҵѧԺ
1704,��������ְҵѧԺ
1705,��Ͽ����ְҵ����ѧԺ
1706,����ְҵѧԺ
1707,��������ְҵѧԺ
1708,��������ְҵ����ѧԺ
1709,�����׶�ʦ���ߵ�ר��ѧУ
1710,������������ְҵѧԺ
1711,�人����ְҵѧԺ
1712,������������ְҵѧԺ
1713,����ְҵѧԺ
1714,�人��·����ְҵѧԺ
1715,�人���ְҵѧԺ
����ʡ��124����,
1716,��̶��ѧ
1717,���״�ѧ
1718,���ϴ�ѧ
1719,���ϴ�ѧ
1720,���ϿƼ���ѧ
1721,��ɳ������ѧ
1722,����ũҵ��ѧ
1723,������ҵ�Ƽ���ѧ
1724,������ҽҩ��ѧ
1725,����ʦ����ѧ
1726,��������ѧԺ
1727,����ѧԺ
1728,����ʦ��ѧԺ
1729,����ѧԺ
1730,����ѧԺ
1731,��������ѧԺ
1732,���ϿƼ�ѧԺ
1733,�������ĿƼ�ѧԺ
1734,������ѧԺ
1735,�ϻ���ѧ
1736,��ɳҽѧԺ
1737,��ɳѧԺ
1738,���Ϲ���ѧԺ
1739,���ϳ���ѧԺ
1740,���Ϲ�ѧԺ
1741,���ϲ�������ѧԺ
1742,���Ͼ���ѧԺ
1743,���Ϲ�ҵ��ѧ
1744,����Ů��ѧԺ
1745,���ϵ�һʦ��ѧԺ
1746,����ҽҩѧԺ
1747,�������⾭��ѧԺ
1748,��̶��ѧ����ѧԺ
1749,���Ϲ�ҵ��ѧ�Ƽ�ѧԺ
1750,���ϿƼ���ѧ����ѧԺ
1751,�ϻ���ѧ��ɽѧԺ
1752,������ѧԺ����ѧԺ
1753,����ʦ����ѧ����ѧԺ
1754,����ũҵ��ѧ�����Ƽ�ѧԺ
1755,������ҵ�Ƽ���ѧ����ѧԺ
1756,��������ѧԺܽ��ѧԺ
1757,��������ѧԺ�Ϻ�ѧԺ
1758,����ʦ��ѧԺ����ѧԺ
1759,���Ϲ���ѧԺӦ�ü���ѧԺ
1760,������ҽҩ��ѧ����ѧԺ
1761,���״�ѧ�żҽ�ѧԺ
1762,��ɳ������ѧ����ѧԺ
1763,��ɳʦ��ѧԺ
1764,����Ӧ�ü���ѧԺ
1765,������ϢѧԺ
1766,���Ͻ�ͨ����ѧԺ
1767,�����׶�ʦ���ߵ�ר��ѧУ
1768,��ɳ����ְҵ����ѧԺ
1769,���Ϲ�ҵְҵ����ѧԺ
1770,����ʦ���ߵ�ר��ѧУ
1771,������Ϣְҵ����ѧԺ
1772,����˰��ߵ�ר��ѧУ
1773,����ұ��ְҵ����ѧԺ
1774,��ɳ����ְҵ����ѧԺ
1775,���ϴ��ڴ�ýְҵ����ѧԺ
1776,����ְҵ����ѧԺ
1777,��������ְҵ����ѧԺ
1778,���ϿƼ�ְҵѧԺ
1779,�����������ְҵ����ѧԺ
1780,���Ͻ�ְͨҵ����ѧԺ
1781,��������ְҵ����ѧԺ
1782,��������ְҵѧԺ
1783,���Ϲ���ְҵ����ѧԺ
1784,����ְҵѧԺ
1785,������óְҵѧԺ
1786,�������繤��ְҵѧԺ
1787,����ְҵ����ѧԺ
1788,����˾������ְҵѧԺ
1789,��ɳ��ó����ְҵ����ѧԺ
1790,���ϻ�������ְҵ����ѧԺ
1791,�����ʵ�ְҵ����ѧԺ
1792,��̶ҽ��ְҵ����ѧԺ
1793,����ְҵ����ѧԺ
1794,¦��ְҵ����ѧԺ
1795,�żҽ纽�չ�ҵְҵ����ѧԺ
1796,��ɳ��������ְҵ����ѧԺ
1797,��������ְҵѧԺ
1798,���ϻ���ְҵ����ѧԺ
1799,��ɳְҵ����ѧԺ
1800,����ְҵ����ѧԺ
1801,����ְҵ����ѧԺ
1802,����ְҵ����ѧԺ
1803,��ɳ�Ϸ�ְҵѧԺ
1804,����ְҵѧԺ
1805,���ϻ���ְҵ����ѧԺ
1806,���ϳǽ�ְҵ����ѧԺ
1807,����ʯ�ͻ���ְҵ����ѧԺ
1808,������ҽҩ�ߵ�ר��ѧУ
1809,��������ְҵѧԺ
1810,��������ְҵ����ѧԺ
1811,���ϲƾ���ҵְҵ����ѧԺ
1812,����ְҵ����ѧԺ
1813,���Ϲ�������ְҵѧԺ
1814,���Ͼ���ְҵ����ѧԺ
1815,��������ְҵ����ѧԺ
1816,��������ְҵѧԺ
1817,������������ְҵѧԺ
1818,��ɳ����ְҵ����ѧԺ
1819,����ˮ��ˮ��ְҵ����ѧԺ
1820,�����ִ�����ְҵ����ѧԺ
1821,���ϸ�����·ְҵ����ѧԺ
1822,������·�Ƽ�ְҵ����ѧԺ
1823,���ϰ�ȫ����ְҵѧԺ
1824,���ϵ���ְҵ����ѧԺ
1825,���������ְҵѧԺ
1826,����ҽѧ�ߵ�ר��ѧУ
1827,���϶���ְҵѧԺ
1828,���ϵ��ӿƼ�ְҵѧԺ
1829,���Ϲ�����ҵְҵ����ѧԺ
1830,���ϸ߶�������ְҵѧԺ
1831,���Ϲ���ְҵѧԺ
1832,������һ��ҵְҵ����ѧԺ
1833,��ɳ����ְҵѧԺ
1834,����ʳƷҩƷְҵѧԺ
1835,������ɫ����ְҵ����ѧԺ
1836,���ϼ�������ְҵ����ѧԺ
1837,�����׶�ʦ���ߵ�ר��ѧУ
1838,�����׶�ʦ���ߵ�ר��ѧУ
1839,�����Ͷ�����ְҵѧԺ
�㶫ʡ��151����,
1840,��ɽ��ѧ
1841,���ϴ�ѧ
1842,��ͷ��ѧ
1843,����������ѧ
1844,����ũҵ��ѧ
1845,�㶫�����ѧ
1846,����ҽ�ƴ�ѧ
1847,�㶫ҽ�ƴ�ѧ
1848,������ҽҩ��ѧ
1849,�㶫ҩ�ƴ�ѧ
1850,����ʦ����ѧ
1851,�ع�ѧԺ
1852,����ѧԺ
1853,��ɽʦ��ѧԺ
1854,����ʦ��ѧԺ
1855,����ѧԺ
1856,��ӦѧԺ
1857,��������ѧԺ
1858,��������ѧԺ
1859,�Ǻ�����ѧԺ
1860,�㶫����ʦ��ѧԺ
1861,���ڴ�ѧ
1862,�㶫�ƾ���ѧ
1863,�㶫����ѧԺ
1864,���ݴ�ѧ
1865,���ݺ���ѧԺ
1866,�㶫����ѧԺ
1867,����ũҵ����ѧԺ
1868,���ش�ѧ
1869,�㶫����ѧԺ
1870,���ӿƼ���ѧ��ɽѧԺ
1871,�㶫ʯ�ͻ���ѧԺ
1872,��ݸ����ѧԺ
1873,�㶫��ҵ��ѧ
1874,�㶫������ó��ѧ
1875,��ɽ��ѧ����ѧԺ
1876,�㶫����ѧԺ
1877,�Ϸ�ҽ�ƴ�ѧ
1878,�㶫����ѧԺ
1879,����������ѧ����ѧԺ
1880,���ݴ�ѧ��������ѧԺ
1881,��ɽ��ѧ�Ϸ�ѧԺ
1882,�㶫������ó��ѧ�Ϲ���ѧԺ
1883,�㶫�ƾ���ѧ����ѧԺ
1884,�㶫�����ѧ���ѧԺ
1885,����ũҵ��ѧ�齭ѧԺ
1886,�㶫����ʦ��ѧԺ���ѧԺ
1887,����ʦ����ѧ�麣��У
1888,�㶫��ҵ��ѧ����ѧԺ
1889,���ݴ�ѧ����ѧԺ
1890,������ѧԺ
1891,����������ѧ�麣ѧԺ
1892,���ִ�ѧ�麣ѧԺ
1893,���ݹ���ѧԺ
1894,�㶫�Ƽ�ѧԺ
1895,�㶫����ѧԺ
1896,��ݸ����ѧԺ����ѧԺ
1897,��ɽ��ѧ�»�ѧԺ
1898,�㶫�ڶ�ʦ��ѧԺ
1899,�Ϸ��Ƽ���ѧ
1900,����ʦ����ѧ-��۽����ѧ���Ϲ���ѧԺ
1901,������Ĵ�ѧ�����ڣ�
1902,���ڱ���Ī˹�ƴ�ѧ
1903,�㶫��ɫ������ѧԺ
1904,˳��ְҵ����ѧԺ
1905,�㶫�Ṥְҵ����ѧԺ
1906,�㶫��ְͨҵ����ѧԺ
1907,�㶫ˮ������ְҵ����ѧԺ
1908,����ְҵ����ѧԺ
1909,����ְҵ����ѧԺ
1910,�㶫�ϻ�����ְҵѧԺ
1911,˽������ѧԺ
1912,������ְҵ����ѧԺ
1913,���ݷ�خְҵ����ѧԺ
1914,�㶫��ɽְҵ����ѧԺ
1915,�㶫ũ����ְҵ����ѧԺ
1916,�㶫�°�ְҵ����ѧԺ
1917,��ɽְҵ����ѧԺ
1918,�㶫��ѧ����ְҵѧԺ
1919,�㶫ʳƷҩƷְҵѧԺ
1920,���ݿ���ְҵ����ѧԺ
1921,�麣����ְҵѧԺ
1922,�㶫����ְҵѧԺ
1923,�㶫����ְҵ����ѧԺ
1924,�㶫ְҵ����ѧԺ
1925,�㶫����ְҵ����ѧԺ
1926,�㶫Ů��ְҵ����ѧԺ
1927,�㶫����ְҵ����ѧԺ
1928,�㶫����ְҵ����ѧԺ
1929,��βְҵ����ѧԺ
1930,�޶�ְҵ����ѧԺ
1931,����ְҵ����ѧԺ
1932,��Դְҵ����ѧԺ
1933,�㶫�ʵ�ְҵ����ѧԺ
1934,��ͷְҵ����ѧԺ
1935,����ְҵ����ѧԺ
1936,������Ϣְҵ����ѧԺ
1937,��Զְҵ����ѧԺ
1938,�㶫��óְҵ����ѧԺ
1939,�㶫˾������ְҵѧԺ
1940,�㶫��������ְҵѧԺ
1941,�㶫ʡ��������ְҵѧԺ
1942,�㶫����ְҵѧԺ
1943,��������ְҵ����ѧԺ
1944,���ݹ��̼���ְҵѧԺ
1945,��ɽ���ְҵ����ѧԺ
1946,����ְҵ����ѧԺ
1947,ï��ְҵ����ѧԺ
1948,�麣����ְҵ����ѧԺ
1949,�������⾭��ְҵ����ѧԺ
1950,������������ְҵѧԺ
1951,���ݿƼ�ְҵ����ѧԺ
1952,���ݾ���ְҵ����ѧԺ
1953,�㶫����ְҵѧԺ
1954,����ҽѧ�ߵ�ר��ѧУ
1955,"�����ִ���Ϣ����ְҵ����
ѧԺ"
1956,�㶫����ְҵѧԺ
1957,���ݻ�����óְҵѧԺ
1958,���ݻ����Ƽ�ְҵѧԺ
1959,���ݳ���ְҵѧԺ
1960,�㶫����ְҵ����ѧԺ
1961,������·ְҵ����ѧԺ
1962,�㶫��óְҵѧԺ
1963,���ݿƼ�ó��ְҵѧԺ
1964,��ɽְҵ����ѧԺ
1965,�����齭ְҵ����ѧԺ
1966,��������ְҵѧԺ
1967,�㶫����ְҵѧԺ
1968,���ݳǽ�ְҵѧԺ
1969,��ݸְҵ����ѧԺ
1970,�㶫�Ϸ�ְҵѧԺ
1971,���ݻ���ְҵѧԺ
1972,���ݻ���ְҵѧԺ
1973,�㶫������������ְҵѧԺ
1974,�㶫����ְҵѧԺ
1975,���ݶ���ְҵѧԺ
1976,�㶫���¿Ƽ�ְҵѧԺ
1977,�㶫�赸Ϸ��ְҵѧԺ
1978,��������ְҵ����ѧԺ
1979,�㶫��Ϣ����ְҵѧԺ
1980,�㶫��̬����ְҵѧԺ
1981,���ݳ���ְҵѧԺ
1982,�㶫�̹�԰ְҵѧԺ
1983,�����߷����Ӹߵ�ר��ѧУ
1984,�㶫ï������ְҵѧԺ
1985,�㶫�Ƶ����ְҵ����ѧԺ
1986,�㶫ï���׶�ʦ��ר��ѧУ
1987,��������ְҵ����ѧԺ
1988,���ݹ���ְҵѧԺ
1989,�㶫������ҽҩְҵѧԺ
1990,տ���׶�ʦ��ר��ѧУ
����׳����������74����,
1991,������ѧ
1992,�����Ƽ���ѧ
1993,���ֵ��ӿƼ���ѧ
1994,����������ѧ
1995,����ҽ�ƴ�ѧ
1996,�ҽ�����ҽѧԺ
1997,������ҽҩ��ѧ
1998,����ҽѧԺ
1999,����ʦ����ѧ
2000,����ʦ��ѧԺ
2001,��������ʦ��ѧԺ
2002,�ӳ�ѧԺ
2003,����ʦ��ѧԺ
2004,��������ѧԺ
2005,���������ѧ
2006,��ɫѧԺ
2007,����ѧԺ
2008,�����Ƽ�ʦ��ѧԺ
2009,�����ƾ�ѧԺ
2010,����ѧԺ
2011,����ѧԺ
2012,���ֺ��칤ҵѧԺ
2013,��������ѧԺ
2014,����ѧԺ
2015,��������ѧԺ
2016,�����������ѧԺ
2017,������ѧ�н�����ѧԺ
2018,�����Ƽ���ѧ¹ɽѧԺ
2019,���������ѧ��˼��ѧԺ
2020,����ʦ����ѧ�콭ѧԺ
2021,����ʦ��ѧԺʦ԰ѧԺ
2022,"������ҽҩ��ѧ����˹��ҽҩ
ѧԺ"
2023,"���ֵ��ӿƼ���ѧ��Ϣ�Ƽ�
ѧԺ"
2024,����������ѧ���Ĺ���ѧԺ
2025,���������ѧԺ
2026,�������պ����ѧ����ѧԺ
2027,��������ְҵ����ѧԺ
2028,���������ߵ�ר��ѧУ
2029,����ְҵ����ѧԺ
2030,����ˮ������ְҵ����ѧԺ
2031,����ʦ���ߵ�ר��ѧУ
2032,����ְҵ����ѧԺ
2033,����ְҵ����ѧԺ
2034,������̬����ְҵ����ѧԺ
2035,������ְͨҵ����ѧԺ
2036,������ҵְҵ����ѧԺ
2037,������������ְҵ����ѧԺ
2038,����ũҵְҵ����ѧԺ
2039,��������ְҵ����ѧԺ
2040,��������ְҵ����ѧԺ
2041,�����ִ�ְҵ����ѧԺ
2042,����ְҵѧԺ
2043,����ɽˮְҵѧԺ
2044,������óְҵ����ѧԺ
2045,��������ְҵ����ѧԺ
2046,��������ְҵѧԺ
2047,��������ְҵ����ѧԺ
2048,��������ְҵѧԺ
2049,����Ӣ������ְҵѧԺ
2050,���ݳ���ְҵѧԺ
2051,��ɫְҵѧԺ
2052,��������ְҵѧԺ
2053,��������ְҵ����ѧԺ
2054,����ְҵѧԺ
2055,��������ְҵѧԺ
2056,�����׶�ʦ���ߵ�ר��ѧУ
2057,�����Ƽ�ְҵѧԺ
2058,��������ְҵ����ѧԺ
2059,�������͹���ְҵѧԺ
2060,��������ְҵ����ѧԺ
2061,������ԶְҵѧԺ
2062,���ְҵ����ѧԺ
2063,�������캽��ְҵѧԺ
2064,������ȫ����ְҵ����ѧԺ
����ʡ��19����,
2065,���ϴ�ѧ
2066,�����ȴ�����ѧԺ
2067,����ʦ����ѧ
2068,����ҽѧԺ
2069,���ھ���ѧԺ
2070,��̨ʦ��ѧԺ
2071,����ѧԺ
2072,����ְҵ����ѧԺ
2073,���ǳ���ְҵѧԺ
2074,��������ְҵ����ѧԺ
2075,��������ְҵѧԺ
2076,���������ְҵѧԺ
2077,���Ͼ�óְҵ����ѧԺ
2078,���Ϲ���ְҵѧԺ
2079,���Ǻ�������ְҵѧԺ
2080,���ϿƼ�ְҵѧԺ
2081,��������ְҵѧԺ
2082,��������ְҵ����ѧԺ
2083,��������Ƶ����ְҵѧԺ
�����У�65����,
2084,�����ѧ
2085,�����ʵ��ѧ
2086,���콻ͨ��ѧ
2087,����ҽ�ƴ�ѧ
2088,���ϴ�ѧ
2089,����ʦ����ѧ
2090,��������ѧԺ
2091,������ϿѧԺ
2092,����ʦ��ѧԺ
2093,�Ĵ�������ѧ
2094,����������ѧ
2095,�Ĵ�����ѧԺ
2096,����Ƽ�ѧԺ
2097,����������ѧ
2098,���칤�̴�ѧ
2099,���칤��ѧԺ
2100,�����ѧ���пƼ�ѧԺ
2101,���쾯��ѧԺ
2102,�������ĿƼ�ѧԺ
2103,"�Ĵ�������ѧ�����Ϸ�����
ѧԺ"
2104,����ʦ����ѧ������óѧԺ
2105,���칤�̴�ѧ����ѧԺ
2106,���칤�̴�ѧ��˹ѧԺ
2107,�����ʵ��ѧ��ͨѧԺ
2108,����ڶ�ʦ��ѧԺ
2109,���캽��ְҵ����ѧԺ
2110,��������ߵ�ר��ѧУ
2111,���칤ҵְҵ����ѧԺ
2112,������ϿְҵѧԺ
2113,���칤óְҵ����ѧԺ
2114,�������ְҵ����ѧԺ
2115,������ӹ���ְҵѧԺ
2116,���캣��ְҵ����ѧԺ
2117,������Ϣ����ְҵѧԺ
2118,���촫ýְҵѧԺ
2119,������й���ְҵѧԺ
2120,���칤��ְҵ����ѧԺ
2121,���췿�ز�ְҵѧԺ
2122,�������ְҵѧԺ
2123,����ˮ������ְҵ����ѧԺ
2124,���칤��ְҵѧԺ
2125,����Ӧ�ü���ְҵѧԺ
2126,������Ͽҽҩ�ߵ�ר��ѧУ
2127,����ҽҩ�ߵ�ר��ѧУ
2128,��������ְҵ����ѧԺ
2129,����ƾ�ְҵѧԺ
2130,����ƴ�ְҵѧԺ
2131,���콨������ְҵѧԺ
2132,�����ѶְҵѧԺ
2133,������ԴְҵѧԺ
2134,��������ְҵѧԺ
2135,���콻ְͨҵѧԺ
2136,���컯��ְҵѧԺ
2137,��������ְҵѧԺ
2138,���찲ȫ����ְҵѧԺ
2139,���칫������ְҵѧԺ
2140,������������ְҵѧԺ
2141,�����ṤְҵѧԺ
2142,�������ְҵѧԺ
2143,���쾭óְҵѧԺ
2144,�����׶�ʦ���ߵ�ר��ѧУ
2145,�����Ļ�����ְҵѧԺ
2146,����Ƽ�ְҵѧԺ
2147,������Դ�뻷������ְҵѧԺ
2148,���커��ְҵѧԺ
�Ĵ�ʡ��109����,
2149,�Ĵ���ѧ
2150,���Ͻ�ͨ��ѧ
2151,���ӿƼ���ѧ
2152,����ʯ�ʹ�ѧ
2153,�ɶ�������ѧ
2154,���ϿƼ���ѧ
2155,�ɶ���Ϣ���̴�ѧ
2156,�Ĵ�����ѧԺ
2157,������ѧ
2158,�й����ú��շ���ѧԺ
2159,�Ĵ�ũҵ��ѧ
2160,����ѧԺ
2161,����ҽ�ƴ�ѧ
2162,�ɶ���ҽҩ��ѧ
2163,����ҽѧԺ
2164,�Ĵ�ʦ����ѧ
2165,����ʦ����ѧ
2166,����ʦ��ѧԺ
2167,�ڽ�ʦ��ѧԺ
2168,�˱�ѧԺ
2169,�Ĵ�����ѧԺ
2170,����ʦ��ѧԺ
2171,��ɽʦ��ѧԺ
2172,���ϲƾ���ѧ
2173,�ɶ�����ѧԺ
2174,�Ĵ�����ѧԺ
2175,���������ѧ
2176,�ɶ�ѧԺ
2177,�ɶ���ҵѧԺ
2178,��֦��ѧԺ
2179,�Ĵ�����ѧԺ
2180,�Ĵ�����ѧԺ
2181,�Ĵ�����ѧԺ
2182,�ɶ�����ѧԺ
2183,���ӿƼ���ѧ�ɶ�ѧԺ
2184,�ɶ�������ѧ���̼���ѧԺ
2185,�Ĵ���ýѧԺ
2186,�ɶ���Ϣ���̴�ѧ���ӾƵ����ѧԺ
2187,�ɶ�����ѧԺ
2188,�Ĵ�����ѧԺ
2189,�Ĵ�������ѧ�ɶ�ѧԺ
2190,�ɶ�ҽѧԺ
2191,�Ĵ���ҵ�Ƽ�ѧԺ
2192,�Ĵ���ѧ����ѧԺ
2193,���ϲƾ���ѧ�츮ѧԺ
2194,�Ĵ���ѧ����ѧԺ
2195,�Ĵ��Ļ�����ѧԺ
2196,���ϿƼ���ѧ����ѧԺ
2197,���Ͻ�ͨ��ѧϣ��ѧԺ
2198,�ɶ�ʦ��ѧԺ
2199,�Ĵ���Ӱ����ѧԺ
2200,�ɶ���֯�ߵ�ר��ѧУ
2201,����Ĵ���һѧԺ
2202,�ɶ�����ְҵ����ѧԺ
2203,�Ĵ�����ְҵ����ѧԺ
2204,�ɶ�ְҵ����ѧԺ
2205,�Ĵ�����ְҵ����ѧԺ
2206,�Ĵ�ˮ��ְҵ����ѧԺ
2207,�ϳ�ְҵ����ѧԺ
2208,�ڽ�ְҵ����ѧԺ
2209,�Ĵ�����ְҵ����ѧԺ
2210,�Ĵ��ʵ�ְҵ����ѧԺ
2211,�Ĵ�����ְҵ����ѧԺ
2212,����ְҵ����ѧԺ
2213,�Ĵ���ְͨҵ����ѧԺ
2214,�Ĵ�����ְҵ����ѧԺ
2215,�Ĵ�����ְҵ����ѧԺ
2216,�Ĵ�����ְҵ����ѧԺ
2217,����ְҵ����ѧԺ
2218,�Ĵ�������Ϣ����ְҵѧԺ
2219,�Ĵ����ʱ��ְҵѧԺ
2220,�ɶ�ũҵ�Ƽ�ְҵѧԺ
2221,�˱�ְҵ����ѧԺ
2222,����ְҵ����ѧԺ
2223,üɽְҵ����ѧԺ
2224,�ɶ�����ְҵѧԺ
2225,�Ĵ�ְҵ����ѧԺ
2226,��ɽְҵ����ѧԺ
2227,�Ű�ְҵ����ѧԺ
2228,�Ĵ�����ְҵѧԺ
2229,�Ĵ�˾������ְҵѧԺ
2230,�㰲ְҵ����ѧԺ
2231,�Ĵ���Ϣְҵ����ѧԺ
2232,�Ĵ��Ļ���ýְҵѧԺ
2233,�Ĵ������ִ�ְҵѧԺ
2234,�Ĵ�����ְҵѧԺ
2235,�Ĵ�����ְҵѧԺ
2236,�Ĵ���ҽҩ�ߵ�ר��ѧУ
2237,�Ĵ��Ƽ�ְҵѧԺ
2238,�Ĵ��Ļ���ҵְҵѧԺ
2239,�Ĵ��ƾ�ְҵѧԺ
2240,�Ĵ�����ְҵѧԺ
2241,�Ĵ��ִ�ְҵѧԺ
2242,�Ĵ��׶�ʦ���ߵ�ר��ѧУ
2243,�Ĵ�����ְҵѧԺ
2244,�Ĵ�����ְҵѧԺ
2245,�����׶�ʦ���ߵ�ר��ѧУ
2246,�Ĵ���������ְҵѧԺ
2247,�Ĵ�����ְҵ����ѧԺ
2248,����ְҵ����ѧԺ
2249,�Ĵ�ϣ������ְҵѧԺ
2250,�Ĵ����ӻ�еְҵ����ѧԺ
2251,�Ĵ�����ְҵѧԺ
2252,�����׶�ʦ���ߵ�ר��ѧУ
2253,�Ĵ�����ְҵѧԺ
2254,�ɶ���ҵְҵ����ѧԺ
2255,�Ĵ����Ϻ���ְҵѧԺ
2256,�ɶ���óְҵ����ѧԺ
2257,�Ĵ�Ӧ�ü���ְҵѧԺ
����ʡ��70����,
2258,���ݴ�ѧ
2259,����ҽ�ƴ�ѧ
2260,����ҽѧԺ
2261,������ҽѧԺ
2262,����ʦ����ѧ
2263,����ʦ��ѧԺ
2264,ͭ��ѧԺ
2265,��������ʦ��ѧԺ
2266,��˳ѧԺ
2267,���ݹ���Ӧ�ü���ѧԺ
2268,����ѧԺ
2269,ǭ������ʦ��ѧԺ
2270,���ݲƾ���ѧ
2271,���������ѧ
2272,����ѧԺ
2273,����ˮʦ��ѧԺ
2274,������ѧԺ
2275,���ݾ���ѧԺ
2276,������ҽѧԺʱ��ѧԺ
2277,���ݲƾ���ѧ����ѧԺ
2278,���ݴ�ѧ�Ƽ�ѧԺ
2279,���ݴ�ѧ����ѧԺ
2280,���������ѧ���ĿƼ�ѧԺ
2281,����ʦ����ѧ����ѧԺ
2282,����ҽѧԺҽѧ��Ƽ�ѧԺ
2283,"����ҽ�ƴ�ѧ��������ҽҩ
ѧԺ"
2284,����ʦ��ѧԺ
2285,��������ѧԺ
2286,ę́ѧԺ
2287,ǭ������ҽѧ�ߵ�ר��ѧУ
2288,���ݽ�ְͨҵ����ѧԺ
2289,���ݺ���ְҵ����ѧԺ
2290,���ݵ�����Ϣְҵ����ѧԺ
2291,��˳ְҵ����ѧԺ
2292,ǭ��������ְҵ����ѧԺ
2293,ǭ������ְҵ����ѧԺ
2294,����ְҵ����ѧԺ
2295,���ݳ���ְҵѧԺ
2296,���ݹ�ҵְҵ����ѧԺ
2297,���ݵ���ְҵ����ѧԺ
2298,����ˮְҵ����ѧԺ
2299,ͭ��ְҵ����ѧԺ
2300,ǭ��������ְҵ����ѧԺ
2301,�����Ṥְҵ����ѧԺ
2302,����ҽҩ�ߵ�ר��ѧУ
2303,��������ְҵѧԺ
2304,����ְҵ����ѧԺ
2305,�Ͻ�ְҵ����ѧԺ
2306,����ְҵ����ѧԺ
2307,����ʢ��ְҵѧԺ
2308,���ݹ���ְҵѧԺ
2309,�����׶�ʦ���ߵ�ר��ѧУ
2310,ͭ���׶�ʦ���ߵ�ר��ѧУ
2311,"ǭ�������׶�ʦ���ߵ�ר��
ѧУ"
2312,�Ͻ�ҽѧ�ߵ�ר��ѧУ
2313,���ݽ���ְҵ����ѧԺ
2314,�Ͻ��׶�ʦ���ߵ�ר��ѧУ
2315,����ũҵְҵѧԺ
2316,���ݹ���ְҵѧԺ
2317,���ݹ�óְҵѧԺ
2318,����ˮ��ˮ��ְҵ����ѧԺ
2319,���ݵ�������ְҵ����ѧԺ
2320,����Ӧ�ü���ְҵѧԺ
2321,���ݵ��ӿƼ�ְҵѧԺ
2322,����װ������ְҵѧԺ
2323,���ݽ���ְҵѧԺ
2324,����ʳƷ����ְҵѧԺ
2325,���ݾ�óְҵ����ѧԺ
2326,���ݻ���ְҵ����ѧԺ
2327,���ݺ���ְҵ����ѧԺ
����ʡ��77����,
2328,���ϴ�ѧ
2329,����������ѧ
2330,����ũҵ��ѧ
2331,������ҵ��ѧ
2332,����ҽ�ƴ�ѧ
2333,������ѧ
2334,������ҽѧԺ
2335,����ʦ����ѧ
2336,��ͨѧԺ
2337,����ʦ��ѧԺ
2338,�ն�ѧԺ
2339,��ɽѧԺ
2340,���ѧԺ
2341,���ϲƾ���ѧ
2342,��������ѧԺ
2343,���������ѧ
2344,��Ϫʦ��ѧԺ
2345,����ʦ��ѧԺ
2346,���Ͼ���ѧԺ
2347,����ѧԺ
2348,��ɽѧԺ
2349,���Ͼ��ù���ѧԺ
2350,���ϴ�ѧ���ѧԺ
2351,���ϴ�ѧ�����Ļ�ѧԺ
2352,����������ѧ����ѧԺ
2353,����ʦ����ѧ��ѧԺ
2354,����ʦ����ѧ����ѧԺ
2355,����ҽ�ƴ�ѧ��ԴѧԺ
2356,��������ѧԺ�Ļ�ѧԺ
2357,���Ϲ���ѧԺ
2358,�����Ƽ�ʦ��ѧԺ
2359,����Ӧ�ü�����ѧ
2360,����ұ��ߵ�ר��ѧУ
2361,���Ϲ�����ԴְҵѧԺ
2362,���Ͻ�ְͨҵ����ѧԺ
2363,������ҵְҵ����ѧԺ
2364,����ũҵְҵ����ѧԺ
2365,����˾������ְҵѧԺ
2366,�����Ļ�����ְҵѧԺ
2367,���������˶�ְҵ����ѧԺ
2368,���ϿƼ���ϢְҵѧԺ
2369,��˫����ְҵ����ѧԺ
2370,��������ְҵѧԺ
2371,��Ϫũҵְҵ����ѧԺ
2372,������Դְҵ����ѧԺ
2373,���Ϲ�����ҵְҵ����ѧԺ
2374,���ϻ���ְҵ����ѧԺ
2375,������ҵְҵ����ѧԺ
2376,���ϳ��н���ְҵѧԺ
2377,���Ϲ���ְҵѧԺ
2378,����ҽѧ�ߵ�ר��ѧУ
2379,����ҽҩ�ߵ�ר��ѧУ
2380,��ɽ��ҽҩ�ߵ�ר��ѧУ
2381,����ʦ���ߵ�ר��ѧУ
2382,�º�ʦ���ߵ�ר��ѧУ
2383,��������ְҵѧԺ
2384,������ҵְҵ����ѧԺ
2385,���Ͼ�ó����ְҵѧԺ
2386,��������ְҵ����ѧԺ
2387,�º�ְҵѧԺ
2388,��������ְҵѧԺ
2389,��������ְҵѧԺ
2390,�����ִ�ְҵ����ѧԺ
2391,��������ְҵѧԺ
2392,�������ְҵѧԺ
2393,������������ְҵѧԺ
2394,����ũ��ְҵ����ѧԺ
2395,�����������Ӹߵ�ר��ѧУ
2396,���ϲƾ�ְҵѧԺ
2397,��������ְҵ����ѧԺ
2398,��ͨ����ְҵѧԺ
2399,��������ְҵѧԺ
2400,����ˮ��ˮ��ְҵѧԺ
2401,�������ְҵѧԺ
2402,�����������ְҵѧԺ
2403,���Ϲ�óְҵ����ѧԺ
2404,���Ͻ�ͨ����ְҵѧԺ
������������7����,
2405,���ش�ѧ
2406,���������ѧ
2407,���ز�ҽѧԺ
2408,����ũ��ѧԺ
2409,���ؾ��ٸߵ�ר��ѧУ
2410,����ʦ���ߵ�ר��ѧУ
2411,����ְҵ����ѧԺ
����ʡ��93����,
2412,������ѧ
2413,������ͨ��ѧ
2414,������ҵ��ѧ
2415,����������ѧ
2416,�������ӿƼ���ѧ
2417,������ҵ��ѧ
2418,���������Ƽ���ѧ
2419,�����Ƽ���ѧ
2420,����ʯ�ʹ�ѧ
2421,�����Ƽ���ѧ
2422,�������̴�ѧ
2423,������ѧ
2424,����ũ�ֿƼ���ѧ
2425,������ҽҩ��ѧ
2426,����ʦ����ѧ
2427,�Ӱ���ѧ
2428,����������ѧ
2429,��������ѧԺ
2430,����ʦ��ѧԺ
2431,μ��ʦ��ѧԺ
2432,����������ѧ
2433,����������ѧ
2434,��������ѧԺ
2435,��������ѧԺ
2436,��������ѧԺ
2437,��������ѧԺ
2438,����ѧԺ
2439,����ѧԺ
2440,����ѧԺ
2441,�����໪ѧԺ
2442,�����ƾ�ѧԺ
2443,�����ʵ��ѧ
2444,��������ѧԺ
2445,����ҽѧԺ
2446,����ŷ��ѧԺ
2447,��������ѧԺ
2448,��������ѧԺ
2449,����ѧԺ
2450,����˼ԴѧԺ
2451,����������óѧԺ
2452,������װ����ѧԺ
2453,������ͨ����ѧԺ
2454,������ͨ��ѧ����ѧԺ
2455,������ѧ�ִ�ѧԺ
2456,���������Ƽ���ѧ����ѧԺ
2457,�����ƾ�ѧԺ��֪ѧԺ
2458,�����Ƽ���ѧ�侩ѧԺ
2459,"������ҵ��ѧ������Ϣ����
ѧԺ"
2460,�Ӱ���ѧ��������ѧԺ
2461,�������ӿƼ���ѧ����ѧԺ
2462,������ҵ��ѧ����ѧԺ
2463,������ѧ�˻�ѧԺ
2464,����������ѧ�߿�ѧԺ
2465,�����Ƽ���ѧ����ѧԺ
2466,����ѧǰʦ��ѧԺ
2467,������ҵְҵ����ѧԺ
2468,����ְҵ����ѧԺ
2469,���������ߵ�ר��ѧУ
2470,������Դְҵ����ѧԺ
2471,����������ҵְҵ����ѧԺ
2472,��������ְҵ����ѧԺ
2473,�����ƾ�ְҵ����ѧԺ
2474,������ְͨҵ����ѧԺ
2475,����ְҵ����ѧԺ
2476,�������¿Ƽ�ְҵѧԺ
2477,�������н���ְҵѧԺ
2478,������·����ְҵ����ѧԺ
2479,����ְҵ����ѧԺ
2480,��������ְҵ����ѧԺ
2481,����������Ϣְҵ����ѧԺ
2482,�����ʵ�ְҵ����ѧԺ
2483,��������ְҵѧԺ
2484,���������Ƽ�ְҵѧԺ
2485,����������ְ̫ҵ����ѧԺ
2486,��������ְҵѧԺ
2487,�������ù���ְҵ����ѧԺ
2488,������·ְҵ����ѧԺ
2489,����ְҵ����ѧԺ
2490,����ְҵ����ѧԺ
2491,����ְҵ����ѧԺ
2492,����ְҵ����ѧԺ
2493,�Ӱ�ְҵ����ѧԺ
2494,μ��ְҵ����ѧԺ
2495,����ְҵ����ѧԺ
2496,ͭ��ְҵ����ѧԺ
2497,��������ְҵѧԺ
2498,��������ְҵѧԺ
2499,�������ӿƼ�ְҵѧԺ
2500,�����������ְҵѧԺ
2501,����ҽѧ�ߵ�ר��ѧУ
2502,����ְҵ����ѧԺ
2503,��������ְҵѧԺ
2504,��������ְҵ����ѧԺ
����ʡ��49����,
2505,���ݴ�ѧ
2506,����������ѧ
2507,���ݽ�ͨ��ѧ
2508,����ũҵ��ѧ
2509,������ҽҩ��ѧ
2510,����ʦ����ѧ
2511,���ݳ���ѧԺ
2512,¤��ѧԺ
2513,��ˮʦ��ѧԺ
2514,����ѧԺ
2515,���ݲƾ���ѧ
2516,���������ѧ
2517,��������ѧԺ
2518,��������ʦ��ѧԺ
2519,��������ѧԺ
2520,����ҽѧԺ
2521,���ݹ�ҵѧԺ
2522,����ʦ����ѧ֪��ѧԺ
2523,���ݲƾ���ѧ¤��ѧԺ
2524,���ݲƾ���ѧ����ѧԺ
2525,���ݽ�ͨ��ѧ����ѧԺ
2526,����������ѧ��������ѧԺ
2527,����ʯ��ְҵ����ѧԺ
2528,¤��ʦ���ߵ�ר��ѧУ
2529,����ʦ���ߵ�ר��ѧУ
2530,���ཨ��ְҵ����ѧԺ
2531,��Ȫְҵ����ѧԺ
2532,��������ְҵѧԺ
2533,����ְҵ����ѧԺ
2534,���ྯ��ְҵѧԺ
2535,������ҵְҵ����ѧԺ
2536,���๤ҵְҵ����ѧԺ
2537,����ְҵѧԺ
2538,���ְཻͨҵ����ѧԺ
2539,������Դ����ְҵ����ѧԺ
2540,����ũҵְҵ����ѧԺ
2541,������������ְҵ����ѧԺ
2542,�������ְҵ����ѧԺ
2543,�������ְҵ����ѧԺ
2544,������ɫұ��ְҵ����ѧԺ
2545,������ұְҵ����ѧԺ
2546,��������ְҵѧԺ
2547,���ݿƼ�ְҵѧԺ
2548,����ְҵ����ѧԺ
2549,�����ִ�ְҵѧԺ
2550,������Դ����ְҵѧԺ
2551,�����ִ�ְҵѧԺ
2552,ƽ��ְҵ����ѧԺ
2553,�����óְҵѧԺ
�ຣʡ��12����,
2554,�ຣ��ѧ
2555,�ຣʦ����ѧ
2556,�ຣ�����ѧ
2557,�ຣ��ѧ����ѧԺ
2558,�ຣ����ְҵ����ѧԺ
2559,�ຣ����ְҵѧԺ
2560,�ຣ������ҽְҵ����ѧԺ
2561,�ຣ��ְͨҵ����ѧԺ
2562,�ຣ����ְҵ����ѧԺ
2563,��������ְҵ����ѧԺ
2564,�ຣ�ߵ�ְҵ����ѧԺ
2565,�ຣ���ľְҵ����ѧԺ
���Ļ�����������19����,
2566,���Ĵ�ѧ
2567,����ҽ�ƴ�ѧ
2568,����ʦ��ѧԺ
2569,���������ѧ
2570,��������ѧԺ
2571,���Ĵ�ѧ�»�ѧԺ
2572,������ԴѧԺ
2573,�й���ҵ��ѧ����ѧԺ
2574,��������ְҵ����ѧԺ
2575,���Ĺ�ҵְҵѧԺ
2576,����ְҵ����ѧԺ
2577,���Ĺ���ְҵ����ѧԺ
2578,���Ĳƾ�ְҵ����ѧԺ
2579,���ľ���ְҵѧԺ
2580,���Ľ���ְҵ����ѧԺ
2581,�������Ѿ����ɳ��ɳְҵ����ѧԺ
2582,�����׶�ʦ���ߵ�ר��ѧУ
2583,��������ְҵѧԺ
2584,��������ְҵѧԺ
�½�ά�����������47����,
2585,�½���ѧ
2586,����ľ��ѧ
2587,�½�ũҵ��ѧ
2588,ʯ���Ӵ�ѧ
2589,�½�ҽ�ƴ�ѧ
2590,�½�ʦ����ѧ
2591,��ʲ��ѧ
2592,����ʦ��ѧԺ
2593,�½��ƾ���ѧ
2594,�½�����ѧԺ
2595,�½�����ѧԺ
2596,����ѧԺ
2597,�½�����ѧԺ
2598,�½���ѧ��ѧ����ѧԺ
2599,�½�ũҵ��ѧ��ѧ����ѧԺ
2600,�½�ҽ�ƴ�ѧ��ѧԺ
2601,�½��ƾ���ѧ����ѧԺ
2602,ʯ���Ӵ�ѧ�Ƽ�ѧԺ
2603,����ʦ��ר��ѧУ
2604,�½�ũҵְҵ����ѧԺ
2605,��³ľ��ְҵ��ѧ
2606,�½�ά���ҽѧר��ѧУ
2607,��������ְҵ����ѧԺ
2608,�½�����ְҵ����ѧԺ
2609,�½��Ṥְҵ����ѧԺ
2610,�½���Դְҵ����ѧԺ
2611,����ְҵ����ѧԺ
2612,����ְҵ����ѧԺ
2613,������ְҵ����ѧԺ
2614,��������ְҵ����ѧԺ
2615,�½�����ְҵ����ѧԺ
2616,�½����ž��ٸߵ�ר��ѧУ
2617,�½��ִ�ְҵ����ѧԺ
2618,�½���ɽְҵ����ѧԺ
2619,�½���ְͨҵ����ѧԺ
2620,�½�ʯ����ְҵ����ѧԺ
2621,�½�ְҵ��ѧ
2622,�½�����ְҵ����ѧԺ
2623,�½�Ӧ��ְҵ����ѧԺ
2624,�½�ʦ���ߵ�ר��ѧУ
2625,�½�����ְҵ����ѧԺ
2626,�½����������������ְҵ����ѧԺ
2627,����ְҵ����ѧԺ
2628,�½��Ƽ�ְҵ����ѧԺ
2629,��³��ְҵ����ѧԺ
2630,��������ְҵ����ѧԺ
2631,�½���ҵְҵ����ѧԺ
