孟买,,
德里,,
班加罗尔,,
金奈,,
海得拉巴,,
艾哈迈达巴德,,
苏拉特,,
加尔各答,,
浦那,,
斋浦尔,,
勒克瑙,,
坎普尔,,
那格浦尔,,
维沙卡帕特南,,
印多尔,,
塔那,,
博帕尔,,
宾布里金杰沃德,,
巴特那,,
巴罗达,,
加济阿巴德,,
卢迪亚纳,,
哥印拜陀,,
阿格拉,,
马杜赖,,
城市,,
纳西克,,
法里达巴德,,
密拉特,,
拉杰果德,,
瓦塞维拉尔,,
瓦拉纳西,,
斯利那加,,
奥郎加巴德,,
丹巴德,,
阿姆利则,,
新孟买,,
安拉阿巴德,,
兰契,,
豪拉,,
贾巴尔普尔,,
瓜廖尔,,
维杰亚瓦达,,
焦特布尔,,
赖布尔,,
科塔,,
古瓦哈提,,
昌迪加尔,,
锡鲁万纳塔普拉姆,,
索拉普,,
胡布利,,
蒂鲁吉拉帕利,,
巴雷利,,
莫拉达巴德,,
迈索尔,,
蒂鲁普,,
古尔冈,,
阿里格尔,,
贾朗达尔,,
布巴内什瓦尔,,
塞勒姆,,
瓦朗加尔,,
贡土尔,,
皮文迪,,
萨哈兰普尔,,
戈勒克布尔,,
比卡内尔,,
阿姆劳蒂,,
诺伊达,,
贾姆谢德布尔,,
比莱,,
克塔克,,
菲罗扎巴德,,
Kochi,,
巴夫那加尔,,
台拉登,,
杜尔加布尔,,
阿桑索尔,,
楠代德,,
戈尔哈布尔,,
阿杰梅尔,,
古尔伯加,,
贾姆讷格尔,,
邬^衍那,,
西里古里,,
占西,,
乌尔哈斯讷格尔,,
贾姆穆,,
Sangli-Miraj & Kupwad,,
内洛尔,,
门格洛尔,,
埃罗德,,
贝尔高姆,,
安巴杜尔,,
蒂鲁内尔维利,,
马莱冈,,
加雅,,
加尔冈,,
乌代浦,,
马赫斯赫塔拉,,
达文盖雷,,
科泽科德,,
阿科拉,,
卡努尔,,
拉杰普尔索纳尔普尔,,
拉贾赫穆恩德尔伊,,
索乌特杜姆杜姆,,
贝拉里,,
伯蒂亚拉,,
戈帕尔普尔,,
阿加尔塔拉,,
巴加尔布尔,,
帕德巴拉,,
帕尼哈蒂,,
拉杜尔,,
图莱,,
蒂鲁帕蒂,,
罗赫塔克,,
戈尔巴,,
皮尔瓦拉,,
